timestamp_sec,relative_time_sec,kv_cache_usage_pct,cpu_kv_cache_usage_pct,num_requests_running,num_requests_waiting,prefix_cache_hits,prefix_cache_queries,cpu_prefix_cache_hits,cpu_prefix_cache_queries,prompt_tokens_total,generation_tokens_total,num_preemptions_total,request_success_total,kv_offload_bytes_gpu_to_cpu,kv_offload_bytes_cpu_to_gpu,kv_offload_time_gpu_to_cpu,kv_offload_time_cpu_to_gpu,prompt_tokens_local_compute,prompt_tokens_local_cache_hit,prompt_tokens_external_kv_transfer,prefill_kv_computed_tokens_sum,prefill_kv_computed_tokens_count,interval_cache_hit_rate_pct,interval_throughput_tok_per_sec
1776763143.151,0.000,0.50,0.00,1,0,0,34670,0,0,0,0,0,0,0,0,0.000000,0.000000,0,0,0,0,0,0.00,0.00
1776763144.157,1.006,0.50,0.00,1,0,0,34670,0,0,0,0,0,0,0,0,0.000000,0.000000,0,0,0,0,0,0.00,0.00
1776763145.164,2.013,0.50,0.00,1,0,0,34670,0,0,0,0,0,0,0,0,0.000000,0.000000,0,0,0,0,0,0.00,0.00
1776763146.233,3.082,0.50,0.00,1,0,0,34670,0,0,0,0,0,0,0,0,0.000000,0.000000,0,0,0,0,0,0.00,0.00
1776763147.349,4.198,0.50,0.00,1,0,0,34670,0,0,0,0,0,0,0,0,0.000000,0.000000,0,0,0,0,0,0.00,0.00
1776763148.371,5.220,0.50,0.00,1,0,0,34670,0,0,0,0,0,0,0,0,0.000000,0.000000,0,0,0,0,0,0.00,0.00
1776763149.377,6.226,0.50,0.00,1,0,0,34670,0,0,0,0,0,0,0,0,0.000000,0.000000,0,0,0,0,0,0.00,0.00
1776763150.393,7.242,0.50,0.00,1,0,0,34670,0,0,0,0,0,0,0,0,0.000000,0.000000,0,0,0,0,0,0.00,0.00
1776763151.400,8.249,0.50,0.00,1,0,0,34670,0,0,0,0,0,0,0,0,0.000000,0.000000,0,0,0,0,0,0.00,0.00
1776763152.407,9.256,0.50,0.00,1,0,0,34670,0,0,0,0,0,0,0,0,0.000000,0.000000,0,0,0,0,0,0.00,0.00
1776763153.413,10.262,1.24,0.00,2,127,12096,56770,0,0,0,0,0,0,0,0,0.000000,0.000000,0,0,0,0,0,54.73,0.00
1776763154.420,11.269,2.48,0.00,4,125,24192,117722,0,0,78064,12,0,0,0,0,0.000000,0.000000,53872,24192,0,0,0,19.85,11.92
1776763155.440,12.289,3.47,0.00,5,156,24192,149976,0,0,117722,26,0,0,0,0,0.000000,0.000000,93530,24192,0,0,0,0.00,13.72
1776763156.454,13.303,4.71,0.00,6,155,24192,202292,0,0,149976,49,0,0,0,0,0.000000,0.000000,125784,24192,0,0,0,0.00,22.69
1776763157.462,14.311,5.45,0.00,7,154,24192,273878,0,0,149976,64,0,0,0,0,0.000000,0.000000,125784,24192,0,0,0,0.00,14.88
1776763158.469,15.318,6.45,0.00,7,154,24192,273878,0,0,202292,88,0,0,0,0,0.000000,0.000000,178100,24192,0,0,0,0.00,23.84
1776763159.476,16.325,7.19,0.00,7,154,24192,273878,0,0,202292,106,0,0,0,0,0.000000,0.000000,178100,24192,0,0,0,0.00,17.87
1776763160.681,17.530,7.69,0.00,8,153,24192,348925,0,0,202292,118,0,0,0,0,0.000000,0.000000,178100,24192,0,0,0,0.00,9.96
1776763161.693,18.542,7.69,0.00,8,153,24192,348925,0,0,202292,118,0,0,0,0,0.000000,0.000000,178100,24192,0,0,0,0.00,0.00
1776763162.699,19.548,8.43,0.00,8,185,24192,348925,0,0,273878,139,0,0,0,0,0.000000,0.000000,249686,24192,0,0,0,0.00,20.87
1776763163.710,20.559,9.17,0.00,8,185,24192,348925,0,0,273878,160,0,0,0,0,0.000000,0.000000,249686,24192,0,0,0,0.00,20.77
1776763164.723,21.572,9.92,0.00,9,184,24192,464193,0,0,273878,181,0,0,0,0,0.000000,0.000000,249686,24192,0,0,0,0.00,20.72
1776763165.939,22.788,10.91,0.00,9,184,24192,464193,0,0,348925,213,0,0,0,0,0.000000,0.000000,324733,24192,0,0,0,0.00,26.32
1776763166.946,23.795,11.65,0.00,9,216,24192,464193,0,0,348925,237,0,0,0,0,0.000000,0.000000,324733,24192,0,0,0,0.00,23.84
1776763167.953,24.802,12.15,0.00,9,216,24192,464193,0,0,348925,253,0,0,0,0,0.000000,0.000000,324733,24192,0,0,0,0.00,15.89
1776763169.092,25.941,12.64,0.00,9,216,24192,464193,0,0,348925,269,0,0,0,0,0.000000,0.000000,324733,24192,0,0,0,0.00,14.04
1776763170.099,26.948,13.14,0.00,9,224,24192,464193,0,0,348925,285,0,0,0,0,0.000000,0.000000,324733,24192,0,0,0,0.00,15.90
1776763171.106,27.955,13.88,0.00,10,247,24192,574789,0,0,464193,311,0,0,0,0,0.000000,0.000000,440001,24192,0,0,0,0.00,25.83
1776763172.119,28.968,14.63,0.00,10,247,24192,574789,0,0,464193,338,0,0,0,0,0.000000,0.000000,440001,24192,0,0,0,0.00,26.64
1776763173.133,29.982,15.37,0.00,10,247,24192,574789,0,0,464193,365,0,0,0,0,0.000000,0.000000,440001,24192,0,0,0,0.00,26.64
1776763174.140,30.989,15.86,0.00,10,247,24192,574789,0,0,464193,383,0,0,0,0,0.000000,0.000000,440001,24192,0,0,0,0.00,17.87
1776763175.146,31.995,16.36,0.00,10,247,24192,574789,0,0,464193,401,0,0,0,0,0.000000,0.000000,440001,24192,0,0,0,0.00,17.89
1776763176.153,33.002,16.86,0.00,11,248,36288,594220,0,0,464193,419,0,0,0,0,0.000000,0.000000,440001,24192,0,0,0,62.25,17.87
1776763177.165,34.014,17.85,0.00,12,277,36288,647094,0,0,594220,462,0,0,0,0,0.000000,0.000000,557932,36288,0,0,0,0.00,42.50
1776763178.174,35.023,18.59,0.00,14,275,60480,678301,0,0,594220,495,0,0,0,0,0.000000,0.000000,557932,36288,0,0,0,77.52,32.70
1776763179.190,36.039,19.58,0.00,15,274,60480,765045,0,0,678301,550,0,0,0,0,0.000000,0.000000,617821,60480,0,0,0,0.00,54.13
1776763180.197,37.046,20.32,0.00,15,274,60480,765045,0,0,678301,592,0,0,0,0,0.000000,0.000000,617821,60480,0,0,0,0.00,41.73
1776763181.203,38.052,21.07,0.00,15,274,60480,765045,0,0,678301,634,0,0,0,0,0.000000,0.000000,617821,60480,0,0,0,0.00,41.74
1776763182.210,39.059,21.56,0.00,16,284,60480,835913,0,0,678301,662,0,0,0,0,0.000000,0.000000,617821,60480,0,0,0,0.00,27.82
1776763183.220,40.069,21.56,0.00,16,284,60480,835913,0,0,678301,662,0,0,0,0,0.000000,0.000000,617821,60480,0,0,0,0.00,0.00
1776763184.233,41.082,21.56,0.00,16,284,60480,835913,0,0,678301,662,0,0,0,0,0.000000,0.000000,617821,60480,0,0,0,0.00,0.00
1776763185.245,42.094,22.56,0.00,16,305,60480,835913,0,0,765045,722,0,0,0,0,0.000000,0.000000,704565,60480,0,0,0,0.00,59.31
1776763186.251,43.100,23.30,0.00,16,305,60480,835913,0,0,765045,767,0,0,0,0,0.000000,0.000000,704565,60480,0,0,0,0.00,44.71
1776763187.265,44.114,24.05,0.00,17,304,60480,902106,0,0,835913,814,0,0,0,0,0.000000,0.000000,775433,60480,0,0,0,0.00,46.37
1776763188.271,45.120,25.04,0.00,17,304,60480,902106,0,0,835913,878,0,0,0,0,0.000000,0.000000,775433,60480,0,0,0,0.00,63.56
1776763189.278,46.127,25.53,0.00,18,303,60480,939486,0,0,835913,910,0,0,0,0,0.000000,0.000000,775433,60480,0,0,0,0.00,31.79
1776763190.301,47.150,26.77,0.00,19,317,72576,998512,0,0,902106,995,0,0,0,0,0.000000,0.000000,841626,60480,0,0,0,20.49,83.08
1776763191.308,48.157,27.51,0.00,19,334,72576,998512,0,0,939486,1049,0,0,0,0,0.000000,0.000000,879006,60480,0,0,0,0.00,53.63
1776763192.315,49.164,28.26,0.00,20,333,72576,1060782,0,0,939486,1103,0,0,0,0,0.000000,0.000000,879006,60480,0,0,0,0.00,53.63
1776763193.321,50.170,29.25,0.00,20,333,72576,1060782,0,0,998512,1179,0,0,0,0,0.000000,0.000000,925936,72576,0,0,0,0.00,75.49
1776763194.328,51.177,29.99,0.00,21,332,72576,1129328,0,0,998512,1236,0,0,0,0,0.000000,0.000000,925936,72576,0,0,0,0.00,56.63
1776763195.335,52.184,30.98,0.00,21,332,72576,1129328,0,0,1060782,1316,0,0,0,0,0.000000,0.000000,988206,72576,0,0,0,0.00,79.45
1776763196.342,53.191,31.73,0.00,21,332,72576,1129328,0,0,1060782,1376,0,0,0,0,0.000000,0.000000,988206,72576,0,0,0,0.00,59.59
1776763197.349,54.198,32.48,0.00,22,357,72576,1155297,0,0,1129328,1437,0,0,0,0,0.000000,0.000000,1056752,72576,0,0,0,0.00,60.58
1776763198.356,55.205,33.71,0.00,23,361,72576,1199799,0,0,1155297,1545,0,0,0,0,0.000000,0.000000,1082721,72576,0,0,0,0.00,107.26
1776763199.363,56.212,34.46,0.00,24,360,84672,1263065,0,0,1199799,1612,0,0,0,0,0.000000,0.000000,1127223,72576,0,0,0,19.12,66.54
1776763200.369,57.218,35.45,0.00,24,360,84672,1263065,0,0,1199799,1704,0,0,0,0,0.000000,0.000000,1127223,72576,0,0,0,0.00,91.37
1776763201.377,58.226,35.94,0.00,25,359,84672,1312357,0,0,1199799,1750,0,0,0,0,0.000000,0.000000,1127223,72576,0,0,0,0.00,45.68
1776763202.383,59.232,36.93,0.00,25,359,84672,1312357,0,0,1263065,1846,0,0,0,0,0.000000,0.000000,1178393,84672,0,0,0,0.00,95.36
1776763203.390,60.239,37.93,0.00,26,358,84672,1365384,0,0,1312357,1944,0,0,0,0,0.000000,0.000000,1227685,84672,0,0,0,0.00,97.31
1776763204.434,61.283,38.67,0.00,26,362,84672,1365384,0,0,1312357,2019,0,0,0,0,0.000000,0.000000,1227685,84672,0,0,0,0.00,71.86
1776763205.441,62.290,39.66,0.00,27,388,84672,1410603,0,0,1365384,2122,0,0,0,0,0.000000,0.000000,1280712,84672,0,0,0,0.00,102.31
1776763206.448,63.297,40.66,0.00,28,387,84672,1475735,0,0,1410603,2227,0,0,0,0,0.000000,0.000000,1325931,84672,0,0,0,0.00,104.28
1776763207.455,64.304,41.64,0.00,28,387,84672,1475735,0,0,1410603,2335,0,0,0,0,0.000000,0.000000,1325931,84672,0,0,0,0.00,107.27
1776763208.462,65.311,42.14,0.00,28,387,84672,1475735,0,0,1410603,2389,0,0,0,0,0.000000,0.000000,1325931,84672,0,0,0,0.00,53.61
1776763209.469,66.318,43.13,0.00,29,386,84672,1534918,0,0,1475735,2500,0,0,0,0,0.000000,0.000000,1391063,84672,0,0,0,0.00,110.25
1776763210.501,67.350,43.87,0.00,29,386,84672,1534918,0,0,1475735,2584,0,0,0,0,0.000000,0.000000,1391063,84672,0,0,0,0.00,81.41
1776763211.508,68.357,44.87,0.00,30,417,84672,1596277,0,0,1534918,2699,0,0,0,0,0.000000,0.000000,1450246,84672,0,0,0,0.00,114.16
1776763212.515,69.364,45.61,0.00,30,417,84672,1596277,0,0,1534918,2786,0,0,0,0,0.000000,0.000000,1450246,84672,0,0,0,0.00,86.38
1776763213.522,70.371,46.60,0.00,31,416,84672,1653043,0,0,1596277,2905,0,0,0,0,0.000000,0.000000,1511605,84672,0,0,0,0.00,118.19
1776763214.529,71.378,47.34,0.00,31,416,84672,1653043,0,0,1596277,2995,0,0,0,0,0.000000,0.000000,1511605,84672,0,0,0,0.00,89.40
1776763215.535,72.384,48.34,0.00,33,414,96768,1799144,0,0,1669169,3120,0,0,0,0,0.000000,0.000000,1572401,96768,0,0,0,8.28,124.19
1776763216.572,73.421,49.08,0.00,33,414,96768,1799144,0,0,1669169,3216,0,0,0,0,0.000000,0.000000,1572401,96768,0,0,0,0.00,92.58
1776763217.579,74.428,49.82,0.00,33,446,96768,1799144,0,0,1669169,3312,0,0,0,0,0.000000,0.000000,1572401,96768,0,0,0,0.00,95.37
1776763218.585,75.434,50.32,0.00,33,446,96768,1799144,0,0,1669169,3376,0,0,0,0,0.000000,0.000000,1572401,96768,0,0,0,0.00,63.60
1776763219.592,76.441,50.82,0.00,33,446,96768,1799144,0,0,1669169,3440,0,0,0,0,0.000000,0.000000,1572401,96768,0,0,0,0.00,63.54
1776763220.599,77.448,51.06,0.00,33,446,96768,1799144,0,0,1669169,3472,0,0,0,0,0.000000,0.000000,1572401,96768,0,0,0,0.00,31.78
1776763221.606,78.455,51.56,0.00,33,467,96768,1799144,0,0,1669169,3536,0,0,0,0,0.000000,0.000000,1572401,96768,0,0,0,0.00,63.56
1776763222.613,79.462,51.80,0.00,34,466,96768,1913796,0,0,1669169,3568,0,0,0,0,0.000000,0.000000,1572401,96768,0,0,0,0.00,31.79
1776763223.638,80.487,52.80,0.00,34,466,96768,1913796,0,0,1799144,3700,0,0,0,0,0.000000,0.000000,1702376,96768,0,0,0,0.00,128.74
1776763224.645,81.494,53.54,0.00,34,466,96768,1913796,0,0,1799144,3799,0,0,0,0,0.000000,0.000000,1702376,96768,0,0,0,0.00,98.36
1776763225.651,82.500,54.03,0.00,34,466,96768,1913796,0,0,1799144,3865,0,0,0,0,0.000000,0.000000,1702376,96768,0,0,0,0.00,65.59
1776763226.669,83.518,54.53,0.00,34,466,96768,1913796,0,0,1799144,3931,0,0,0,0,0.000000,0.000000,1702376,96768,0,0,0,0.00,64.80
1776763227.676,84.525,55.03,0.00,34,466,96768,1913796,0,0,1799144,3997,0,0,0,0,0.000000,0.000000,1702376,96768,0,0,0,0.00,65.58
1776763228.682,85.531,55.27,0.00,35,465,96768,1981585,0,0,1799144,4030,0,0,0,0,0.000000,0.000000,1702376,96768,0,0,0,0.00,32.80
1776763229.688,86.537,56.27,0.00,35,465,96768,1981585,0,0,1913796,4166,0,0,0,0,0.000000,0.000000,1817028,96768,0,0,0,0.00,135.16
1776763230.695,87.544,57.01,0.00,35,465,96768,1981585,0,0,1913796,4268,0,0,0,0,0.000000,0.000000,1817028,96768,0,0,0,0.00,101.34
1776763231.701,88.550,57.76,0.00,36,464,96768,2077603,0,0,1981585,4372,0,0,0,0,0.000000,0.000000,1884817,96768,0,0,0,0.00,103.32
1776763232.708,89.557,58.75,0.00,36,464,96768,2077603,0,0,1981585,4512,0,0,0,0,0.000000,0.000000,1884817,96768,0,0,0,0.00,139.09
1776763233.714,90.563,59.24,0.00,36,464,96768,2077603,0,0,1981585,4582,0,0,0,0,0.000000,0.000000,1884817,96768,0,0,0,0.00,69.55
1776763234.721,91.570,59.74,0.00,36,464,96768,2077603,0,0,1981585,4652,0,0,0,0,0.000000,0.000000,1884817,96768,0,0,0,0.00,69.54
1776763235.728,92.577,60.23,0.00,37,463,96768,2166225,0,0,1981585,4722,0,0,0,0,0.000000,0.000000,1884817,96768,0,0,0,0.00,69.52
1776763236.735,93.584,61.22,0.00,37,463,96768,2166225,0,0,2077603,4866,0,0,0,0,0.000000,0.000000,1980835,96768,0,0,0,0.00,143.01
1776763237.741,94.590,61.96,0.00,37,463,96768,2166225,0,0,2077603,4974,0,0,0,0,0.000000,0.000000,1980835,96768,0,0,0,0.00,107.31
1776763238.748,95.597,62.46,0.00,37,464,96768,2166225,0,0,2077603,5046,0,0,0,0,0.000000,0.000000,1980835,96768,0,0,0,0.00,71.53
1776763239.754,96.603,62.96,0.00,38,463,96768,2265741,0,0,2077603,5118,0,0,0,0,0.000000,0.000000,1980835,96768,0,0,0,0.00,71.52
1776763240.762,97.611,63.95,0.00,38,463,96768,2265741,0,0,2166225,5266,0,0,0,0,0.000000,0.000000,2069457,96768,0,0,0,0.00,146.94
1776763241.769,98.618,64.45,0.00,38,463,96768,2265741,0,0,2166225,5340,0,0,0,0,0.000000,0.000000,2069457,96768,0,0,0,0.00,73.44
1776763242.776,99.625,65.19,0.00,38,463,96768,2265741,0,0,2166225,5451,0,0,0,0,0.000000,0.000000,2069457,96768,0,0,0,0.00,110.26
1776763243.782,100.631,65.69,0.00,38,463,96768,2265741,0,0,2166225,5525,0,0,0,0,0.000000,0.000000,2069457,96768,0,0,0,0.00,73.54
1776763244.814,101.663,66.18,0.00,39,462,96768,2356496,0,0,2265741,5600,0,0,0,0,0.000000,0.000000,2168973,96768,0,0,0,0.00,72.65
1776763245.821,102.670,67.17,0.00,39,462,96768,2356496,0,0,2265741,5752,0,0,0,0,0.000000,0.000000,2168973,96768,0,0,0,0.00,151.04
1776763246.828,103.677,67.67,0.00,39,462,96768,2356496,0,0,2265741,5828,0,0,0,0,0.000000,0.000000,2168973,96768,0,0,0,0.00,75.49
1776763247.834,104.683,68.16,0.00,39,462,96768,2356496,0,0,2265741,5904,0,0,0,0,0.000000,0.000000,2168973,96768,0,0,0,0.00,75.52
1776763248.841,105.690,68.66,0.00,40,461,96768,2464291,0,0,2265741,5980,0,0,0,0,0.000000,0.000000,2168973,96768,0,0,0,0.00,75.49
1776763249.847,106.696,69.65,0.00,40,461,96768,2464291,0,0,2356496,6136,0,0,0,0,0.000000,0.000000,2259728,96768,0,0,0,0.00,155.00
1776763250.854,107.703,70.39,0.00,40,461,96768,2464291,0,0,2356496,6253,0,0,0,0,0.000000,0.000000,2259728,96768,0,0,0,0.00,116.20
1776763251.860,108.709,70.89,0.00,40,461,96768,2464291,0,0,2356496,6331,0,0,0,0,0.000000,0.000000,2259728,96768,0,0,0,0.00,77.53
1776763252.866,109.715,71.38,0.00,40,461,96768,2464291,0,0,2356496,6409,0,0,0,0,0.000000,0.000000,2259728,96768,0,0,0,0.00,77.51
1776763253.873,110.722,71.88,0.00,41,460,96768,2569431,0,0,2356496,6487,0,0,0,0,0.000000,0.000000,2259728,96768,0,0,0,0.00,77.51
1776763254.879,111.728,72.63,0.00,41,460,96768,2569431,0,0,2464291,6607,0,0,0,0,0.000000,0.000000,2367523,96768,0,0,0,0.00,119.24
1776763255.885,112.734,73.37,0.00,41,460,96768,2569431,0,0,2464291,6727,0,0,0,0,0.000000,0.000000,2367523,96768,0,0,0,0.00,119.27
1776763256.891,113.740,73.86,0.00,41,460,96768,2569431,0,0,2464291,6807,0,0,0,0,0.000000,0.000000,2367523,96768,0,0,0,0.00,79.50
1776763257.897,114.746,74.36,0.00,41,460,96768,2569431,0,0,2464291,6887,0,0,0,0,0.000000,0.000000,2367523,96768,0,0,0,0.00,79.52
1776763258.904,115.753,74.85,0.00,41,460,96768,2569431,0,0,2464291,6967,0,0,0,0,0.000000,0.000000,2367523,96768,0,0,0,0.00,79.49
1776763259.910,116.759,75.60,0.00,42,459,96768,2686563,0,0,2569431,7089,0,0,0,0,0.000000,0.000000,2472663,96768,0,0,0,0.00,121.22
1776763260.917,117.766,76.34,0.00,42,459,96768,2686563,0,0,2569431,7212,0,0,0,0,0.000000,0.000000,2472663,96768,0,0,0,0.00,122.20
1776763261.923,118.772,77.08,0.00,42,459,96768,2686563,0,0,2569431,7335,0,0,0,0,0.000000,0.000000,2472663,96768,0,0,0,0.00,122.23
1776763262.930,119.779,77.58,0.00,42,459,96768,2686563,0,0,2569431,7417,0,0,0,0,0.000000,0.000000,2472663,96768,0,0,0,0.00,81.45
1776763263.936,120.785,78.08,0.00,42,459,96768,2686563,0,0,2569431,7499,0,0,0,0,0.000000,0.000000,2472663,96768,0,0,0,0.00,81.47
1776763264.943,121.792,78.32,0.00,42,459,96768,2686563,0,0,2569431,7540,0,0,0,0,0.000000,0.000000,2472663,96768,0,0,0,0.00,40.72
1776763265.950,122.799,78.82,0.00,43,458,96768,2754723,0,0,2569431,7622,0,0,0,0,0.000000,0.000000,2472663,96768,0,0,0,0.00,81.44
1776763266.957,123.806,79.57,0.00,43,458,96768,2754723,0,0,2686563,7748,0,0,0,0,0.000000,0.000000,2589795,96768,0,0,0,0.00,125.13
1776763267.964,124.813,80.31,0.00,43,458,96768,2754723,0,0,2686563,7874,0,0,0,0,0.000000,0.000000,2589795,96768,0,0,0,0.00,125.16
1776763268.970,125.819,81.05,0.00,44,457,96768,2868155,0,0,2754723,8001,0,0,0,0,0.000000,0.000000,2657955,96768,0,0,0,0.00,126.17
1776763269.977,126.826,82.04,0.00,44,457,96768,2868155,0,0,2754723,8173,0,0,0,0,0.000000,0.000000,2657955,96768,0,0,0,0.00,170.90
1776763270.984,127.833,82.54,0.00,44,457,96768,2868155,0,0,2754723,8259,0,0,0,0,0.000000,0.000000,2657955,96768,0,0,0,0.00,85.38
1776763271.990,128.839,83.03,0.00,44,457,96768,2868155,0,0,2754723,8345,0,0,0,0,0.000000,0.000000,2657955,96768,0,0,0,0.00,85.45
1776763272.997,129.846,83.53,0.00,44,457,96768,2868155,0,0,2754723,8431,0,0,0,0,0.000000,0.000000,2657955,96768,0,0,0,0.00,85.41
1776763274.005,130.854,84.03,0.00,44,457,96768,2868155,0,0,2754723,8517,0,0,0,0,0.000000,0.000000,2657955,96768,0,0,0,0.00,85.38
1776763275.047,131.896,84.52,0.00,45,456,96768,2963258,0,0,2868155,8604,0,0,0,0,0.000000,0.000000,2771387,96768,0,0,0,0.00,83.43
1776763276.054,132.903,85.51,0.00,45,456,96768,2963258,0,0,2868155,8780,0,0,0,0,0.000000,0.000000,2771387,96768,0,0,0,0.00,174.81
1776763277.061,133.910,86.01,0.00,45,456,96768,2963258,0,0,2868155,8868,0,0,0,0,0.000000,0.000000,2771387,96768,0,0,0,0.00,87.42
1776763278.068,134.917,86.50,0.00,45,456,96768,2963258,0,0,2868155,8956,0,0,0,0,0.000000,0.000000,2771387,96768,0,0,0,0.00,87.42
1776763279.075,135.924,87.00,0.00,45,456,96768,2963258,0,0,2868155,9044,0,0,0,0,0.000000,0.000000,2771387,96768,0,0,0,0.00,87.39
1776763280.081,136.930,87.75,0.00,46,455,96768,3064205,0,0,2963258,9178,0,0,0,0,0.000000,0.000000,2866490,96768,0,0,0,0.00,133.09
1776763281.088,137.937,88.49,0.00,46,455,96768,3064205,0,0,2963258,9313,0,0,0,0,0.000000,0.000000,2866490,96768,0,0,0,0.00,134.07
1776763282.095,138.944,89.23,0.00,46,455,96768,3064205,0,0,2963258,9448,0,0,0,0,0.000000,0.000000,2866490,96768,0,0,0,0.00,134.05
1776763283.102,139.951,89.73,0.00,46,455,96768,3064205,0,0,2963258,9538,0,0,0,0,0.000000,0.000000,2866490,96768,0,0,0,0.00,89.39
1776763284.109,140.958,89.97,0.00,46,455,96768,3064205,0,0,2963258,9583,0,0,0,0,0.000000,0.000000,2866490,96768,0,0,0,0.00,44.70
1776763285.116,141.965,90.96,0.00,47,454,96768,3174330,0,0,3064205,9766,0,0,0,0,0.000000,0.000000,2967437,96768,0,0,0,0.00,181.80
1776763286.122,142.971,91.71,0.00,47,454,96768,3174330,0,0,3064205,9904,0,0,0,0,0.000000,0.000000,2967437,96768,0,0,0,0.00,137.06
1776763287.129,143.978,92.20,0.00,47,454,96768,3174330,0,0,3064205,9996,0,0,0,0,0.000000,0.000000,2967437,96768,0,0,0,0.00,91.38
1776763288.136,144.985,92.70,0.00,47,454,96768,3174330,0,0,3064205,10088,0,0,0,0,0.000000,0.000000,2967437,96768,0,0,0,0.00,91.34
1776763289.143,145.992,93.19,0.00,47,454,96768,3174330,0,0,3064205,10180,0,0,0,0,0.000000,0.000000,2967437,96768,0,0,0,0.00,91.42
1776763290.149,146.998,93.44,0.00,48,453,96768,3285399,0,0,3064205,10226,0,0,0,0,0.000000,0.000000,2967437,96768,0,0,0,0.00,45.72
1776763291.155,148.004,94.43,0.00,48,453,96768,3285399,0,0,3174330,10414,0,0,0,0,0.000000,0.000000,3077562,96768,0,0,0,0.00,186.75
1776763292.162,149.011,95.18,0.00,48,453,96768,3285399,0,0,3174330,10555,0,0,0,0,0.000000,0.000000,3077562,96768,0,0,0,0.00,140.13
1776763293.168,150.017,95.68,0.00,48,453,96768,3285399,0,0,3174330,10649,0,0,0,0,0.000000,0.000000,3077562,96768,0,0,0,0.00,93.37
1776763294.175,151.024,96.17,0.00,48,453,96768,3285399,0,0,3174330,10743,0,0,0,0,0.000000,0.000000,3077562,96768,0,0,0,0.00,93.41
1776763295.181,152.030,96.67,0.00,48,453,96768,3285399,0,0,3174330,10837,0,0,0,0,0.000000,0.000000,3077562,96768,0,0,0,0.00,93.42
1776763296.188,153.037,96.81,0.00,48,453,96768,3750759,0,0,3285399,11028,0,0,0,0,0.000000,0.000000,3188631,96768,0,0,0,0.00,189.71
1776763297.194,154.043,96.85,0.00,48,453,96768,6775599,0,0,3285399,12276,0,0,0,0,0.000000,0.000000,3188631,96768,0,0,0,0.00,1240.24
1776763298.201,155.050,96.88,0.00,48,453,96768,9684099,0,0,3285399,13476,0,0,0,0,0.000000,0.000000,3188631,96768,0,0,0,0.00,1192.16
1776763299.208,156.057,96.92,0.00,48,453,96768,12708939,0,0,3285399,14724,0,0,0,0,0.000000,0.000000,3188631,96768,0,0,0,0.00,1239.19
1776763300.215,157.064,96.96,0.00,48,453,96768,15733779,0,0,3285399,15972,0,0,0,0,0.000000,0.000000,3188631,96768,0,0,0,0.00,1239.37
1776763301.222,158.071,97.00,0.00,48,453,96768,18642279,0,0,3285399,17172,0,0,0,0,0.000000,0.000000,3188631,96768,0,0,0,0.00,1191.69
1776763302.228,159.077,97.04,0.00,48,453,96768,21667119,0,0,3285399,18420,0,0,0,0,0.000000,0.000000,3188631,96768,0,0,0,0.00,1240.09
1776763303.234,160.083,97.07,0.00,48,453,96768,24691959,0,0,3285399,19668,0,0,0,0,0.000000,0.000000,3188631,96768,0,0,0,0.00,1240.12
1776763304.241,161.090,97.10,0.00,48,453,96768,27600459,0,0,3285399,20868,0,0,0,0,0.000000,0.000000,3188631,96768,0,0,0,0.00,1192.29
1776763305.247,162.096,97.14,0.00,48,453,96768,30625299,0,0,3285399,22116,0,0,0,0,0.000000,0.000000,3188631,96768,0,0,0,0.00,1240.47
1776763306.253,163.102,97.18,0.00,48,453,96768,33650139,0,0,3285399,23364,0,0,0,0,0.000000,0.000000,3188631,96768,0,0,0,0.00,1240.09
1776763307.259,164.108,97.22,0.00,48,453,96768,36558639,0,0,3285399,24564,0,0,0,0,0.000000,0.000000,3188631,96768,0,0,0,0.00,1192.63
1776763308.265,165.114,97.25,0.00,48,453,96768,39583479,0,0,3285399,25812,0,0,0,0,0.000000,0.000000,3188631,96768,0,0,0,0.00,1240.84
1776763309.271,166.120,97.29,0.00,48,453,96768,42491979,0,0,3285399,27012,0,0,0,0,0.000000,0.000000,3188631,96768,0,0,0,0.00,1193.09
1776763310.277,167.126,97.33,0.00,48,453,96768,45516819,0,0,3285399,28260,0,0,0,0,0.000000,0.000000,3188631,96768,0,0,0,0.00,1240.70
1776763311.284,168.133,97.37,0.00,48,453,96768,48541659,0,0,3285399,29508,0,0,0,0,0.000000,0.000000,3188631,96768,0,0,0,0.00,1238.56
1776763312.290,169.139,97.41,0.00,48,453,96768,51450159,0,0,3285399,30708,0,0,0,0,0.000000,0.000000,3188631,96768,0,0,0,0.00,1193.27
1776763313.300,170.149,97.44,0.00,48,453,96768,54474999,0,0,3285399,31956,0,0,0,0,0.000000,0.000000,3188631,96768,0,0,0,0.00,1235.86
1776763314.306,171.155,97.48,0.00,48,453,96768,57383499,0,0,3285399,33156,0,0,0,0,0.000000,0.000000,3188631,96768,0,0,0,0.00,1192.81
1776763315.312,172.161,97.52,0.00,48,453,96768,60408339,0,0,3285399,34404,0,0,0,0,0.000000,0.000000,3188631,96768,0,0,0,0.00,1240.78
1776763316.317,173.166,97.55,0.00,48,453,96768,63316839,0,0,3285399,35604,0,0,0,0,0.000000,0.000000,3188631,96768,0,0,0,0.00,1193.14
1776763317.324,174.173,97.60,0.00,48,453,96768,66341679,0,0,3285399,36852,0,0,0,0,0.000000,0.000000,3188631,96768,0,0,0,0.00,1240.32
1776763318.330,175.179,97.63,0.00,48,453,96768,69250179,0,0,3285399,38052,0,0,0,0,0.000000,0.000000,3188631,96768,0,0,0,0.00,1192.73
1776763319.336,176.185,97.66,0.00,48,453,96768,72275019,0,0,3285399,39300,0,0,0,0,0.000000,0.000000,3188631,96768,0,0,0,0.00,1240.70
1776763320.342,177.191,97.70,0.00,48,453,96768,75183519,0,0,3285399,40500,0,0,0,0,0.000000,0.000000,3188631,96768,0,0,0,0.00,1192.84
1776763321.347,178.196,97.74,0.00,48,453,96768,78208359,0,0,3285399,41748,0,0,0,0,0.000000,0.000000,3188631,96768,0,0,0,0.00,1241.26
1776763322.353,179.202,97.78,0.00,48,453,96768,81116859,0,0,3285399,42948,0,0,0,0,0.000000,0.000000,3188631,96768,0,0,0,0.00,1193.34
1776763323.358,180.207,97.81,0.00,48,453,96768,84141699,0,0,3285399,44196,0,0,0,0,0.000000,0.000000,3188631,96768,0,0,0,0.00,1240.93
1776763324.365,181.214,97.85,0.00,48,453,96768,87050199,0,0,3285399,45396,0,0,0,0,0.000000,0.000000,3188631,96768,0,0,0,0.00,1192.25
1776763325.372,182.221,97.88,0.00,48,453,96768,89958699,0,0,3285399,46596,0,0,0,0,0.000000,0.000000,3188631,96768,0,0,0,0.00,1191.68
1776763326.378,183.227,97.92,0.00,48,453,96768,92983539,0,0,3285399,47844,0,0,0,0,0.000000,0.000000,3188631,96768,0,0,0,0.00,1240.11
1776763327.384,184.233,97.96,0.00,48,453,96768,95892039,0,0,3285399,49044,0,0,0,0,0.000000,0.000000,3188631,96768,0,0,0,0.00,1192.66
1776763328.390,185.239,98.00,0.00,48,453,96768,98916879,0,0,3285399,50292,0,0,0,0,0.000000,0.000000,3188631,96768,0,0,0,0.00,1241.02
1776763329.396,186.245,98.03,0.00,48,453,96768,101825379,0,0,3285399,51492,0,0,0,0,0.000000,0.000000,3188631,96768,0,0,0,0.00,1193.07
1776763330.402,187.251,98.07,0.00,48,453,96768,104850219,0,0,3285399,52740,0,0,0,0,0.000000,0.000000,3188631,96768,0,0,0,0.00,1240.84
1776763331.408,188.257,98.11,0.00,48,453,96768,107758719,0,0,3285399,53940,0,0,0,0,0.000000,0.000000,3188631,96768,0,0,0,0.00,1192.78
1776763332.414,189.263,98.15,0.00,48,453,96768,110783559,0,0,3285399,55188,0,0,0,0,0.000000,0.000000,3188631,96768,0,0,0,0.00,1240.23
1776763333.421,190.270,98.18,0.00,48,453,96768,113692059,0,0,3285399,56388,0,0,0,0,0.000000,0.000000,3188631,96768,0,0,0,0.00,1191.09
1776763334.430,191.279,95.08,0.00,48,452,96768,116716899,0,0,3285399,57635,0,1,0,0,0.000000,0.000000,3188631,96768,0,110596,1,0.00,1236.65
1776763335.436,192.285,96.07,0.00,48,452,96768,116716899,0,0,3285399,57823,0,1,0,0,0.000000,0.000000,3188631,96768,0,110596,1,0.00,186.76
1776763336.443,193.292,96.57,0.00,48,452,96768,116716899,0,0,3285399,57917,0,1,0,0,0.000000,0.000000,3188631,96768,0,110596,1,0.00,93.40
1776763337.449,194.298,97.31,0.00,48,452,96768,116716899,0,0,3285399,58058,0,1,0,0,0.000000,0.000000,3188631,96768,0,110596,1,0.00,140.15
1776763338.455,195.304,97.56,0.00,48,452,96768,116716899,0,0,3285399,58105,0,1,0,0,0.000000,0.000000,3188631,96768,0,110596,1,0.00,46.70
1776763339.461,196.310,98.05,0.00,48,452,96768,116716899,0,0,3285399,58199,0,1,0,0,0.000000,0.000000,3188631,96768,0,110596,1,0.00,93.42
1776763340.469,197.318,98.31,0.00,48,452,96768,116716899,0,0,3285399,58246,0,1,0,0,0.000000,0.000000,3188631,96768,0,110596,1,0.00,46.66
1776763341.475,198.324,98.40,0.00,48,452,314496,118770195,0,0,3401739,59109,0,1,0,0,0.000000,0.000000,3304971,96768,0,110596,1,10.60,857.85
1776763342.481,199.330,98.43,0.00,48,453,616896,121621995,0,0,3401739,60309,0,1,0,0,0.000000,0.000000,3304971,96768,0,110596,1,10.60,1192.28
1776763343.488,200.337,98.47,0.00,48,453,919296,124473795,0,0,3401739,61509,0,1,0,0,0.000000,0.000000,3304971,96768,0,110596,1,10.60,1191.64
1776763344.494,201.343,98.51,0.00,48,453,1233792,127439667,0,0,3401739,62757,0,1,0,0,0.000000,0.000000,3304971,96768,0,110596,1,10.60,1240.62
1776763345.500,202.349,97.07,0.00,47,452,1306368,128124099,0,0,3401739,63132,0,3,0,0,0.000000,0.000000,3304971,96768,0,180230,3,10.60,372.69
1776763346.506,203.355,97.81,0.00,47,452,1306368,128124099,0,0,3401739,63270,0,3,0,0,0.000000,0.000000,3304971,96768,0,180230,3,0.00,137.24
1776763347.512,204.361,98.31,0.00,47,452,1306368,128124099,0,0,3401739,63362,0,3,0,0,0.000000,0.000000,3304971,96768,0,180230,3,0.00,91.46
1776763348.518,205.367,98.80,0.00,47,452,1306368,128124099,0,0,3401739,63454,0,3,0,0,0.000000,0.000000,3304971,96768,0,180230,3,0.00,91.45
1776763349.524,206.373,99.30,0.00,47,453,1306368,128124099,0,0,3401739,63546,0,3,0,0,0.000000,0.000000,3304971,96768,0,180230,3,0.00,91.44
1776763350.606,207.455,99.42,0.00,47,453,1306368,128196633,0,0,3401739,63592,0,3,0,0,0.000000,0.000000,3304971,96768,0,180230,3,0.00,42.52
1776763351.612,208.461,99.46,0.00,47,454,1306368,130227585,0,0,3515811,64908,0,3,0,0,0.000000,0.000000,3406947,108864,0,180230,3,0.00,1307.35
1776763352.621,209.470,97.88,0.00,47,453,1306368,131750799,0,0,3515811,65940,0,4,0,0,0.000000,0.000000,3406947,108864,0,248776,4,0.00,1022.99
1776763353.628,210.477,95.15,0.00,46,453,1306368,131750799,0,0,3515811,66077,0,5,0,0,0.000000,0.000000,3406947,108864,0,362208,5,0.00,136.11
1776763354.634,211.483,92.50,0.00,45,453,1306368,131750799,0,0,3515811,66212,0,6,0,0,0.000000,0.000000,3406947,108864,0,473277,6,0.00,134.11
1776763355.642,212.491,93.24,0.00,46,452,1306368,131837318,0,0,3588345,66346,0,6,0,0,0.000000,0.000000,3479481,108864,0,473277,6,0.00,133.03
1776763356.648,213.497,93.98,0.00,46,452,1306368,131837318,0,0,3588345,66481,0,6,0,0,0.000000,0.000000,3479481,108864,0,473277,6,0.00,134.10
1776763357.655,214.504,94.73,0.00,46,452,1306368,131837318,0,0,3588345,66616,0,6,0,0,0.000000,0.000000,3479481,108864,0,473277,6,0.00,134.08
1776763358.663,215.512,95.22,0.00,46,452,1306368,131837318,0,0,3588345,66706,0,6,0,0,0.000000,0.000000,3479481,108864,0,473277,6,0.00,89.34
1776763359.670,216.519,95.97,0.00,47,452,1306368,131943856,0,0,3674864,66843,0,6,0,0,0.000000,0.000000,3566000,108864,0,473277,6,0.00,136.05
1776763360.676,217.525,96.71,0.00,47,452,1306368,131943856,0,0,3674864,66981,0,6,0,0,0.000000,0.000000,3566000,108864,0,473277,6,0.00,137.07
1776763361.683,218.532,97.45,0.00,47,452,1306368,131943856,0,0,3674864,67119,0,6,0,0,0.000000,0.000000,3566000,108864,0,473277,6,0.00,137.13
1776763362.689,219.538,97.95,0.00,47,452,1306368,131943856,0,0,3674864,67211,0,6,0,0,0.000000,0.000000,3566000,108864,0,473277,6,0.00,91.39
1776763363.696,220.545,98.20,0.00,47,452,1306368,131943856,0,0,3674864,67257,0,6,0,0,0.000000,0.000000,3566000,108864,0,473277,6,0.00,45.70
1776763364.702,221.551,98.60,0.00,47,452,1306368,132012741,0,0,3674864,67349,0,6,0,0,0.000000,0.000000,3566000,108864,0,473277,6,0.00,91.43
1776763365.709,222.558,97.52,0.00,47,451,1306368,132770476,0,0,3781402,67957,0,7,0,0,0.000000,0.000000,3672538,108864,0,532460,7,0.00,604.15
1776763366.716,223.565,98.26,0.00,47,452,1306368,132770476,0,0,3781402,68095,0,7,0,0,0.000000,0.000000,3672538,108864,0,532460,7,0.00,137.02
1776763367.722,224.571,98.76,0.00,47,452,1306368,132770476,0,0,3781402,68187,0,7,0,0,0.000000,0.000000,3672538,108864,0,532460,7,0.00,91.39
1776763368.729,225.578,98.90,0.00,47,452,1306368,133573815,0,0,3850287,69079,0,7,0,0,0.000000,0.000000,3741423,108864,0,532460,7,0.00,886.50
1776763369.735,226.584,98.94,0.00,47,452,1306368,134630840,0,0,3850287,70254,0,7,0,0,0.000000,0.000000,3741423,108864,0,532460,7,0.00,1167.25
1776763370.741,227.590,98.97,0.00,47,452,1306368,135730146,0,0,3850287,71476,0,7,0,0,0.000000,0.000000,3741423,108864,0,532460,7,0.00,1215.42
1776763371.746,228.595,99.00,0.00,47,452,1306368,136787171,0,0,3850287,72651,0,7,0,0,0.000000,0.000000,3741423,108864,0,532460,7,0.00,1168.69
1776763372.751,229.600,99.04,0.00,47,452,1306368,137886477,0,0,3850287,73873,0,7,0,0,0.000000,0.000000,3741423,108864,0,532460,7,0.00,1215.62
1776763373.758,230.607,98.57,0.00,47,451,1306368,138013320,0,0,3850287,74151,0,8,0,0,0.000000,0.000000,3741423,108864,0,579390,8,0.00,276.27
1776763374.763,231.612,98.89,0.00,47,451,1306368,138510258,0,0,3892568,74807,0,8,0,0,0.000000,0.000000,3783704,108864,0,579390,8,0.00,652.32
1776763375.770,232.619,98.92,0.00,47,452,1306368,139465908,0,0,3892568,75982,0,8,0,0,0.000000,0.000000,3783704,108864,0,579390,8,0.00,1166.68
1776763376.777,233.626,95.97,0.00,47,451,1306368,140383332,0,0,3892568,77109,0,9,0,0,0.000000,0.000000,3783704,108864,0,684530,9,0.00,1119.96
1776763377.783,234.632,96.96,0.00,48,450,1318464,140403587,0,0,3892568,77293,0,9,0,0,0.000000,0.000000,3783704,108864,0,684530,9,59.72,182.83
1776763378.790,235.639,97.96,0.00,49,449,1318464,140444634,0,0,3951049,77484,0,9,0,0,0.000000,0.000000,3830089,120960,0,684530,9,0.00,189.74
1776763379.796,236.645,98.95,0.00,50,448,1318464,140469292,0,0,3992096,77678,0,9,0,0,0.000000,0.000000,3871136,120960,0,684530,9,0.00,192.80
1776763380.802,237.651,99.16,0.00,50,449,1318464,141297907,0,0,4016754,78427,0,9,0,0,0.000000,0.000000,3895794,120960,0,684530,9,0.00,744.23
1776763381.808,238.657,97.12,0.00,48,449,1318464,142402727,0,0,4016754,79413,0,11,0,0,0.000000,0.000000,3895794,120960,0,749919,11,0.00,980.26
1776763382.815,239.664,98.35,0.00,49,448,1318464,142457968,0,0,4016754,79653,0,11,0,0,0.000000,0.000000,3895794,120960,0,749919,11,0.00,238.47
1776763383.853,240.702,98.85,0.00,50,447,1318464,142478506,0,0,4016754,79749,0,11,0,0,0.000000,0.000000,3895794,120960,0,749919,11,0.00,92.45
1776763384.859,241.708,99.43,0.00,50,447,1318464,142846632,0,0,4092533,80396,0,11,0,0,0.000000,0.000000,3971573,120960,0,749919,11,0.00,643.05
1776763385.865,242.714,99.29,0.00,49,447,1318464,143515952,0,0,4092533,81389,0,12,0,0,0.000000,0.000000,3971573,120960,0,753924,12,0.00,986.84
1776763386.871,243.720,99.32,0.00,49,447,1318464,144185272,0,0,4092533,82369,0,12,0,0,0.000000,0.000000,3971573,120960,0,753924,12,0.00,974.16
1776763387.878,244.727,99.35,0.00,49,448,1318464,144854592,0,0,4092533,83349,0,12,0,0,0.000000,0.000000,3971573,120960,0,753924,12,0.00,973.92
1776763388.884,245.733,98.21,0.00,49,447,1318464,145323116,0,0,4092533,84082,0,13,0,0,0.000000,0.000000,3971573,120960,0,806951,13,0.00,728.51
1776763389.891,246.740,98.73,0.00,49,447,1318464,145385986,0,0,4092533,84226,0,13,0,0,0.000000,0.000000,3971573,120960,0,806951,13,0.00,143.00
1776763390.898,247.747,98.73,0.00,49,447,1318464,145385986,0,0,4092533,84226,0,13,0,0,0.000000,0.000000,3971573,120960,0,806951,13,0.00,0.00
1776763391.905,248.754,98.73,0.00,49,447,1318464,145385986,0,0,4092533,84226,0,13,0,0,0.000000,0.000000,3971573,120960,0,806951,13,0.00,0.00
1776763392.912,249.761,98.73,0.00,49,447,1318464,145385986,0,0,4092533,84226,0,13,0,0,0.000000,0.000000,3971573,120960,0,806951,13,0.00,0.00
1776763393.919,250.768,98.75,0.00,49,447,1318464,146203296,0,0,4125999,84863,0,13,0,0,0.000000,0.000000,4005039,120960,0,806951,13,0.00,632.58
1776763394.926,251.775,96.40,0.00,49,446,1318464,146831996,0,0,4125999,85448,0,14,0,0,0.000000,0.000000,4005039,120960,0,907898,14,0.00,581.08
1776763395.932,252.781,97.15,0.00,49,446,1318464,146831996,0,0,4125999,85592,0,14,0,0,0.000000,0.000000,4005039,120960,0,907898,14,0.00,143.10
1776763396.939,253.788,95.57,0.00,49,445,1318464,146863888,0,0,4188869,85736,0,15,0,0,0.000000,0.000000,4067909,120960,0,982945,15,0.00,143.07
1776763397.945,254.794,96.56,0.00,50,446,1318464,146882326,0,0,4220761,85929,0,15,0,0,0.000000,0.000000,4099801,120960,0,982945,15,0.00,191.78
1776763398.959,255.808,97.79,0.00,54,442,1342656,146946758,0,0,4286491,86185,0,15,0,0,0.000000,0.000000,4141339,145152,0,982945,15,37.55,252.44
1776763399.965,256.814,98.79,0.00,56,440,1342656,146976496,0,0,4317930,86401,0,15,0,0,0.000000,0.000000,4172778,145152,0,982945,15,0.00,214.71
1776763400.972,257.821,99.51,0.00,60,437,1378944,147902279,0,0,4388996,86931,0,15,0,0,0.000000,0.000000,4207556,181440,0,982945,15,3.92,526.41
1776763401.979,258.828,99.55,0.00,60,438,1378944,150388439,0,0,4388996,88131,0,15,0,0,0.000000,0.000000,4207556,181440,0,982945,15,0.00,1192.09
1776763402.985,259.834,97.52,0.00,59,438,1378944,152750291,0,0,4388996,89269,0,16,0,0,0.000000,0.000000,4207556,181440,0,1049138,16,0.00,1130.69
1776763403.992,260.841,97.56,0.00,59,440,1378944,155236451,0,0,4388996,90449,0,16,0,0,0.000000,0.000000,4207556,181440,0,1049138,16,0.00,1171.60
1776763405.003,261.852,96.85,0.00,58,440,1378944,157722611,0,0,4388996,91622,0,17,0,0,0.000000,0.000000,4207556,181440,0,1083808,17,0.00,1160.40
1776763406.010,262.859,96.89,0.00,58,440,1378944,160084463,0,0,4388996,92724,0,17,0,0,0.000000,0.000000,4207556,181440,0,1083808,17,0.00,1094.84
1776763407.016,263.865,96.63,0.00,57,440,1378944,162570623,0,0,4388996,93869,0,18,0,0,0.000000,0.000000,4207556,181440,0,1091143,18,0.00,1138.00
1776763408.030,264.879,96.67,0.00,57,440,1378944,165056783,0,0,4388996,95009,0,18,0,0,0.000000,0.000000,4207556,181440,0,1091143,18,0.00,1124.34
1776763409.037,265.886,95.82,0.00,57,439,1378944,166175555,0,0,4388996,95633,0,19,0,0,0.000000,0.000000,4207556,181440,0,1142313,19,0.00,619.74
1776763410.043,266.892,96.56,0.00,57,440,1378944,166175555,0,0,4388996,95801,0,19,0,0,0.000000,0.000000,4207556,181440,0,1142313,19,0.00,166.85
1776763411.051,267.900,97.06,0.00,57,440,1378944,166175555,0,0,4388996,95913,0,19,0,0,0.000000,0.000000,4207556,181440,0,1142313,19,0.00,111.19
1776763412.058,268.907,97.55,0.00,57,440,1378944,166175555,0,0,4388996,96025,0,19,0,0,0.000000,0.000000,4207556,181440,0,1142313,19,0.00,111.21
1776763413.064,269.913,98.05,0.00,57,440,1378944,166175555,0,0,4388996,96137,0,19,0,0,0.000000,0.000000,4207556,181440,0,1142313,19,0.00,111.28
1776763414.071,270.920,98.54,0.00,57,440,1378944,166175555,0,0,4388996,96249,0,19,0,0,0.000000,0.000000,4207556,181440,0,1142313,19,0.00,111.25
1776763415.078,271.927,98.79,0.00,57,440,1378944,166175555,0,0,4388996,96305,0,19,0,0,0.000000,0.000000,4207556,181440,0,1142313,19,0.00,55.62
1776763416.085,272.934,98.88,0.00,57,440,1378944,167234513,0,0,4513304,96817,0,19,0,0,0.000000,0.000000,4331864,181440,0,1142313,19,0.00,508.36
1776763417.092,273.941,98.91,0.00,57,440,1378944,169587753,0,0,4513304,97957,0,19,0,0,0.000000,0.000000,4331864,181440,0,1142313,19,0.00,1132.13
1776763418.104,274.953,98.94,0.00,57,440,1378944,171940993,0,0,4513304,99097,0,19,0,0,0.000000,0.000000,4331864,181440,0,1142313,19,0.00,1126.80
1776763419.111,275.960,98.98,0.00,57,440,1378944,174176571,0,0,4513304,100180,0,19,0,0,0.000000,0.000000,4331864,181440,0,1142313,19,0.00,1075.76
1776763420.117,276.966,99.01,0.00,57,440,1378944,176529811,0,0,4513304,101320,0,19,0,0,0.000000,0.000000,4331864,181440,0,1142313,19,0.00,1132.76
1776763421.128,277.977,99.05,0.00,57,440,1378944,178883051,0,0,4513304,102460,0,19,0,0,0.000000,0.000000,4331864,181440,0,1142313,19,0.00,1127.52
1776763422.135,278.984,97.81,0.00,56,440,1378944,181118629,0,0,4513304,103540,0,20,0,0,0.000000,0.000000,4331864,181440,0,1181971,20,0.00,1072.83
1776763423.141,279.990,97.84,0.00,56,440,1378944,183471869,0,0,4513304,104660,0,20,0,0,0.000000,0.000000,4331864,181440,0,1181971,20,0.00,1113.11
1776763424.148,280.997,97.51,0.00,55,440,1378944,185825109,0,0,4513304,105770,0,21,0,0,0.000000,0.000000,4331864,181440,0,1191975,21,0.00,1102.53
1776763425.154,282.003,97.54,0.00,55,440,1378944,188178349,0,0,4513304,106870,0,21,0,0,0.000000,0.000000,4331864,181440,0,1191975,21,0.00,1093.37
1776763426.167,283.016,97.57,0.00,55,441,1378944,190531589,0,0,4513304,107970,0,21,0,0,0.000000,0.000000,4331864,181440,0,1191975,21,0.00,1085.82
1776763427.182,284.031,97.61,0.00,55,441,1378944,192767167,0,0,4513304,109015,0,21,0,0,0.000000,0.000000,4331864,181440,0,1191975,21,0.00,1029.22
1776763428.189,285.038,96.39,0.00,55,441,1378944,193355477,0,0,4513304,109451,0,22,0,0,0.000000,0.000000,4331864,181440,0,1262843,22,0.00,433.04
1776763429.195,286.044,97.14,0.00,55,441,1378944,193355477,0,0,4513304,109613,0,22,0,0,0.000000,0.000000,4331864,181440,0,1262843,22,0.00,161.06
1776763430.201,287.050,97.63,0.00,55,442,1378944,193355477,0,0,4513304,109721,0,22,0,0,0.000000,0.000000,4331864,181440,0,1262843,22,0.00,107.30
1776763431.208,288.057,98.12,0.00,55,442,1378944,193355477,0,0,4513304,109829,0,22,0,0,0.000000,0.000000,4331864,181440,0,1262843,22,0.00,107.31
1776763432.214,289.063,98.62,0.00,55,442,1378944,193355477,0,0,4513304,109937,0,22,0,0,0.000000,0.000000,4331864,181440,0,1262843,22,0.00,107.34
1776763433.220,290.069,98.87,0.00,55,442,1378944,193355477,0,0,4513304,109991,0,22,0,0,0.000000,0.000000,4331864,181440,0,1262843,22,0.00,53.66
1776763434.226,291.075,98.99,0.00,55,442,1378944,194285336,0,0,4630966,110375,0,22,0,0,0.000000,0.000000,4449526,181440,0,1262843,22,0.00,381.91
1776763435.232,292.081,99.03,0.00,55,442,1378944,196809239,0,0,4630966,111420,0,22,0,0,0.000000,0.000000,4449526,181440,0,1262843,22,0.00,1038.78
1776763436.238,293.087,99.06,0.00,55,442,1378944,199465979,0,0,4630966,112520,0,22,0,0,0.000000,0.000000,4449526,181440,0,1262843,22,0.00,1093.45
1776763437.244,294.093,98.93,0.00,54,442,1378944,202122719,0,0,4630966,113617,0,23,0,0,0.000000,0.000000,4449526,181440,0,1265853,23,0.00,1090.44
1776763438.254,295.103,98.96,0.00,54,442,1378944,204779459,0,0,4630966,114697,0,23,0,0,0.000000,0.000000,4449526,181440,0,1265853,23,0.00,1068.65
1776763439.267,296.116,98.99,0.00,54,442,1378944,207303362,0,0,4630966,115723,0,23,0,0,0.000000,0.000000,4449526,181440,0,1265853,23,0.00,1012.66
1776763440.273,297.122,99.02,0.00,54,442,1378944,209960102,0,0,4630966,116803,0,23,0,0,0.000000,0.000000,4449526,181440,0,1265853,23,0.00,1073.57
1776763441.279,298.128,99.06,0.00,54,442,1378944,212616842,0,0,4630966,117883,0,23,0,0,0.000000,0.000000,4449526,181440,0,1265853,23,0.00,1074.03
1776763442.285,299.134,98.73,0.00,53,442,1378944,215273582,0,0,4630966,118955,0,24,0,0,0.000000,0.000000,4449526,181440,0,1275051,24,0.00,1065.85
1776763443.291,300.140,98.77,0.00,53,443,1378944,217930322,0,0,4630966,120015,0,24,0,0,0.000000,0.000000,4449526,181440,0,1275051,24,0.00,1053.77
1776763444.296,301.145,98.79,0.00,53,443,1378944,220454225,0,0,4630966,121022,0,24,0,0,0.000000,0.000000,4449526,181440,0,1275051,24,0.00,1001.16
1776763445.303,302.152,96.46,0.00,53,442,1378944,220719899,0,0,4630966,121283,0,25,0,0,0.000000,0.000000,4449526,181440,0,1382846,25,0.00,259.30
1776763446.310,303.159,97.21,0.00,53,442,1378944,220719899,0,0,4630966,121439,0,25,0,0,0.000000,0.000000,4449526,181440,0,1382846,25,0.00,154.96
1776763447.316,304.165,97.70,0.00,53,442,1378944,220719899,0,0,4630966,121543,0,25,0,0,0.000000,0.000000,4449526,181440,0,1382846,25,0.00,103.36
1776763448.322,305.171,98.20,0.00,53,442,1378944,220719899,0,0,4630966,121647,0,25,0,0,0.000000,0.000000,4449526,181440,0,1382846,25,0.00,103.36
1776763449.328,306.177,98.69,0.00,53,442,1378944,220719899,0,0,4630966,121751,0,25,0,0,0.000000,0.000000,4449526,181440,0,1382846,25,0.00,103.37
1776763450.334,307.183,98.94,0.00,53,442,1378944,220719899,0,0,4630966,121803,0,25,0,0,0.000000,0.000000,4449526,181440,0,1382846,25,0.00,51.69
1776763451.340,308.189,99.43,0.00,53,442,1378944,220719899,0,0,4630966,121907,0,25,0,0,0.000000,0.000000,4449526,181440,0,1382846,25,0.00,103.37
1776763452.346,309.195,99.51,0.00,53,442,1378944,220841590,0,0,4630966,121959,0,25,0,0,0.000000,0.000000,4449526,181440,0,1382846,25,0.00,51.71
1776763453.352,310.201,99.54,0.00,53,442,1378944,223032028,0,0,4763803,122913,0,25,0,0,0.000000,0.000000,4582363,181440,0,1382846,25,0.00,948.52
1776763454.358,311.207,99.57,0.00,53,443,1378944,225465848,0,0,4763803,123973,0,25,0,0,0.000000,0.000000,4582363,181440,0,1382846,25,0.00,1053.13
1776763455.365,312.214,99.61,0.00,53,443,1378944,227899668,0,0,4763803,125033,0,25,0,0,0.000000,0.000000,4582363,181440,0,1382846,25,0.00,1053.28
1776763456.373,313.222,99.64,0.00,53,443,1378944,230333488,0,0,4763803,126093,0,25,0,0,0.000000,0.000000,4582363,181440,0,1382846,25,0.00,1050.78
1776763457.380,314.229,99.67,0.00,53,443,1378944,232645617,0,0,4763803,127100,0,25,0,0,0.000000,0.000000,4582363,181440,0,1382846,25,0.00,1000.54
1776763458.387,315.236,99.70,0.00,53,443,1378944,235079437,0,0,4763803,128160,0,25,0,0,0.000000,0.000000,4582363,181440,0,1382846,25,0.00,1052.64
1776763459.393,316.242,99.73,0.00,53,443,1378944,237513257,0,0,4763803,129220,0,25,0,0,0.000000,0.000000,4582363,181440,0,1382846,25,0.00,1053.14
1776763460.408,317.257,99.76,0.00,53,443,1378944,239947077,0,0,4763803,130280,0,25,0,0,0.000000,0.000000,4582363,181440,0,1382846,25,0.00,1044.80
1776763461.415,318.264,94.63,0.00,52,442,1378944,242137515,0,0,4763803,131227,0,27,0,0,0.000000,0.000000,4582363,181440,0,1556744,27,0.00,940.54
1776763462.422,319.271,93.57,0.00,51,442,1378944,242137515,0,0,4763803,131428,0,28,0,0,0.000000,0.000000,4582363,181440,0,1621876,28,0.00,199.58
1776763463.429,320.278,94.06,0.00,51,442,1378944,242137515,0,0,4763803,131528,0,28,0,0,0.000000,0.000000,4582363,181440,0,1621876,28,0.00,99.33
1776763464.436,321.285,90.80,0.00,50,442,1378944,242137515,0,0,4763803,131678,0,29,0,0,0.000000,0.000000,4582363,181440,0,1751851,29,0.00,148.95
1776763465.443,322.292,91.05,0.00,50,442,1378944,242137515,0,0,4763803,131727,0,29,0,0,0.000000,0.000000,4582363,181440,0,1751851,29,0.00,48.65
1776763466.459,323.308,91.54,0.00,50,443,1378944,242137515,0,0,4763803,131825,0,29,0,0,0.000000,0.000000,4582363,181440,0,1751851,29,0.00,96.47
1776763467.476,324.325,92.04,0.00,51,444,1378944,242253399,0,0,4763803,131923,0,29,0,0,0.000000,0.000000,4582363,181440,0,1751851,29,0.00,96.34
1776763468.483,325.332,92.53,0.00,51,444,1378944,242253399,0,0,4885494,132023,0,29,0,0,0.000000,0.000000,4704054,181440,0,1751851,29,0.00,99.32
1776763469.491,326.340,93.27,0.00,51,445,1378944,242253399,0,0,4885494,132173,0,29,0,0,0.000000,0.000000,4704054,181440,0,1751851,29,0.00,148.78
1776763470.498,327.347,94.02,0.00,51,446,1378944,242253399,0,0,4885494,132323,0,29,0,0,0.000000,0.000000,4704054,181440,0,1751851,29,0.00,148.96
1776763471.505,328.354,94.52,0.00,51,446,1378944,242253399,0,0,4885494,132423,0,29,0,0,0.000000,0.000000,4704054,181440,0,1751851,29,0.00,99.28
1776763472.513,329.362,95.01,0.00,51,446,1378944,242253399,0,0,4885494,132523,0,29,0,0,0.000000,0.000000,4704054,181440,0,1751851,29,0.00,99.24
1776763473.520,330.369,95.26,0.00,51,446,1378944,242253399,0,0,4885494,132573,0,29,0,0,0.000000,0.000000,4704054,181440,0,1751851,29,0.00,49.65
1776763474.526,331.375,95.75,0.00,52,445,1378944,242354332,0,0,4885494,132673,0,29,0,0,0.000000,0.000000,4704054,181440,0,1751851,29,0.00,99.43
1776763475.532,332.381,96.75,0.00,52,445,1378944,242354332,0,0,5001378,132877,0,29,0,0,0.000000,0.000000,4819938,181440,0,1751851,29,0.00,202.64
1776763476.539,333.388,97.24,0.00,52,445,1378944,242354332,0,0,5001378,132979,0,29,0,0,0.000000,0.000000,4819938,181440,0,1751851,29,0.00,101.29
1776763477.546,334.395,97.74,0.00,52,445,1378944,242354332,0,0,5001378,133081,0,29,0,0,0.000000,0.000000,4819938,181440,0,1751851,29,0.00,101.36
1776763478.552,335.401,98.23,0.00,52,445,1378944,242354332,0,0,5001378,133183,0,29,0,0,0.000000,0.000000,4819938,181440,0,1751851,29,0.00,101.39
1776763479.558,336.407,98.63,0.00,52,445,1378944,242464903,0,0,5001378,133285,0,29,0,0,0.000000,0.000000,4819938,181440,0,1751851,29,0.00,101.36
1776763480.565,337.414,95.83,0.00,52,444,1378944,243238900,0,0,5102311,133750,0,30,0,0,0.000000,0.000000,4920871,181440,0,1866503,30,0.00,461.80
1776763481.572,338.421,96.57,0.00,52,444,1378944,243238900,0,0,5102311,133903,0,30,0,0,0.000000,0.000000,4920871,181440,0,1866503,30,0.00,151.95
1776763482.579,339.428,97.07,0.00,52,444,1378944,243238900,0,0,5102311,134005,0,30,0,0,0.000000,0.000000,4920871,181440,0,1866503,30,0.00,101.32
1776763483.586,340.435,97.56,0.00,52,444,1378944,243238900,0,0,5102311,134107,0,30,0,0,0.000000,0.000000,4920871,181440,0,1866503,30,0.00,101.28
1776763484.593,341.442,98.06,0.00,52,444,1378944,243238900,0,0,5102311,134209,0,30,0,0,0.000000,0.000000,4920871,181440,0,1866503,30,0.00,101.30
1776763485.599,342.448,98.45,0.00,52,444,1378944,243313515,0,0,5102311,134311,0,30,0,0,0.000000,0.000000,4920871,181440,0,1866503,30,0.00,101.31
1776763486.606,343.455,98.47,0.00,52,444,1378944,244208895,0,0,5212882,134935,0,30,0,0,0.000000,0.000000,5031442,181440,0,1866503,30,0.00,620.06
1776763487.613,344.462,98.50,0.00,52,445,1378944,245701195,0,0,5212882,135975,0,30,0,0,0.000000,0.000000,5031442,181440,0,1866503,30,0.00,1032.97
1776763488.620,345.469,98.53,0.00,52,446,1378944,247193495,0,0,5212882,137015,0,30,0,0,0.000000,0.000000,5031442,181440,0,1866503,30,0.00,1032.59
1776763489.634,346.483,98.57,0.00,52,446,1378944,248685795,0,0,5212882,138055,0,30,0,0,0.000000,0.000000,5031442,181440,0,1866503,30,0.00,1025.67
1776763490.648,347.497,95.27,0.00,52,445,1378944,250178095,0,0,5212882,139094,0,31,0,0,0.000000,0.000000,5031442,181440,0,1981771,31,0.00,1023.96
1776763491.655,348.504,96.26,0.00,52,445,1378944,250178095,0,0,5212882,139298,0,31,0,0,0.000000,0.000000,5031442,181440,0,1981771,31,0.00,202.62
1776763492.662,349.511,96.75,0.00,52,445,1378944,250178095,0,0,5212882,139400,0,31,0,0,0.000000,0.000000,5031442,181440,0,1981771,31,0.00,101.32
1776763493.789,350.638,97.25,0.00,52,445,1378944,250178095,0,0,5212882,139502,0,31,0,0,0.000000,0.000000,5031442,181440,0,1981771,31,0.00,90.51
1776763494.796,351.645,98.24,0.00,53,445,1378944,250250655,0,0,5287497,139709,0,31,0,0,0.000000,0.000000,5106057,181440,0,1981771,31,0.00,205.62
1776763495.803,352.652,98.99,0.00,53,446,1378944,250250655,0,0,5287497,139865,0,31,0,0,0.000000,0.000000,5106057,181440,0,1981771,31,0.00,154.91
1776763496.808,353.657,99.48,0.00,53,446,1378944,250250655,0,0,5287497,139969,0,31,0,0,0.000000,0.000000,5106057,181440,0,1981771,31,0.00,103.41
1776763497.835,354.684,99.53,0.00,53,446,1378944,251495775,0,0,5360057,140816,0,31,0,0,0.000000,0.000000,5178617,181440,0,1981771,31,0.00,824.86
1776763498.855,355.704,99.56,0.00,53,446,1378944,253129995,0,0,5360057,141929,0,31,0,0,0.000000,0.000000,5178617,181440,0,1981771,31,0.00,1091.55
1776763499.874,356.723,97.60,0.00,53,445,1378944,254686395,0,0,5360057,142988,0,32,0,0,0.000000,0.000000,5178617,181440,0,2054305,32,0.00,1039.16
1776763500.881,357.730,98.59,0.00,53,445,1378944,254686395,0,0,5360057,143196,0,32,0,0,0.000000,0.000000,5178617,181440,0,2054305,32,0.00,206.60
1776763501.886,358.735,99.09,0.00,53,445,1378944,254686395,0,0,5360057,143300,0,32,0,0,0.000000,0.000000,5178617,181440,0,2054305,32,0.00,103.41
1776763502.893,359.742,99.58,0.00,53,445,1378944,254686395,0,0,5360057,143404,0,32,0,0,0.000000,0.000000,5178617,181440,0,2054305,32,0.00,103.33
1776763503.907,360.756,99.74,0.00,53,446,1378944,255584131,0,0,5437877,144145,0,32,0,0,0.000000,0.000000,5256437,181440,0,2054305,32,0.00,730.87
1776763504.928,361.777,99.78,0.00,53,446,1378944,256866611,0,0,5437877,145205,0,32,0,0,0.000000,0.000000,5256437,181440,0,2054305,32,0.00,1038.28
1776763505.948,362.797,99.81,0.00,53,446,1378944,258149091,0,0,5437877,146265,0,32,0,0,0.000000,0.000000,5256437,181440,0,2054305,32,0.00,1039.02
1776763506.968,363.817,99.84,0.00,53,446,1378944,259431571,0,0,5437877,147325,0,32,0,0,0.000000,0.000000,5256437,181440,0,2054305,32,0.00,1039.34
1776763507.974,364.823,98.45,0.00,53,446,1378944,260072811,0,0,5437877,147958,0,33,0,0,0.000000,0.000000,5256437,181440,0,2122465,33,0.00,628.87
1776763508.981,365.830,99.19,0.00,53,446,1378944,260072811,0,0,5437877,148114,0,33,0,0,0.000000,0.000000,5256437,181440,0,2122465,33,0.00,155.04
1776763509.987,366.836,99.69,0.00,54,445,1391040,260093903,0,0,5437877,148218,0,33,0,0,0.000000,0.000000,5256437,181440,0,2122465,33,57.35,103.38
1776763510.993,367.842,97.44,0.00,54,444,1391040,260819558,0,0,5523093,149026,0,34,0,0,0.000000,0.000000,5329557,193536,0,2211087,34,0.00,802.98
1776763511.998,368.847,98.43,0.00,54,444,1391040,260819558,0,0,5523093,149238,0,34,0,0,0.000000,0.000000,5329557,193536,0,2211087,34,0.00,210.80
1776763513.005,369.854,98.67,0.00,54,444,1391040,261180310,0,0,5571470,149669,0,34,0,0,0.000000,0.000000,5377934,193536,0,2211087,34,0.00,428.38
1776763514.011,370.860,98.71,0.00,54,444,1391040,262082190,0,0,5571470,150749,0,34,0,0,0.000000,0.000000,5377934,193536,0,2211087,34,0.00,1073.44
1776763515.024,371.873,98.70,0.00,53,444,1391040,262984070,0,0,5571470,151817,0,35,0,0,0.000000,0.000000,5377934,193536,0,2211111,35,0.00,1054.22
1776763516.051,372.900,97.54,0.00,53,443,1391040,263525198,0,0,5571470,152504,0,36,0,0,0.000000,0.000000,5377934,193536,0,2263427,36,0.00,668.54
1776763517.058,373.907,98.53,0.00,54,443,1391040,263552673,0,0,5571470,152712,0,36,0,0,0.000000,0.000000,5377934,193536,0,2263427,36,0.00,206.57
1776763518.065,374.914,96.68,0.00,54,442,1391040,263583053,0,0,5644039,152923,0,37,0,0,0.000000,0.000000,5450503,193536,0,2354182,37,0.00,209.57
1776763519.072,375.921,97.68,0.00,55,441,1391040,263605241,0,0,5674419,153136,0,37,0,0,0.000000,0.000000,5480883,193536,0,2354182,37,0.00,211.60
1776763520.078,376.927,98.67,0.00,56,443,1391040,263666875,0,0,5696607,153354,0,37,0,0,0.000000,0.000000,5503071,193536,0,2354182,37,0.00,216.61
1776763521.088,377.937,99.66,0.00,56,443,1391040,263666875,0,0,5696607,153574,0,37,0,0,0.000000,0.000000,5503071,193536,0,2354182,37,0.00,217.87
1776763522.094,378.943,99.90,0.00,56,443,1391040,263992490,0,0,5758241,153853,0,37,0,0,0.000000,0.000000,5564705,193536,0,2354182,37,0.00,277.25
1776763523.112,379.961,99.94,0.00,56,443,1391040,265294950,0,0,5758241,154973,0,37,0,0,0.000000,0.000000,5564705,193536,0,2354182,37,0.00,1100.78
1776763524.140,380.989,99.97,0.00,56,443,1391040,266597410,0,0,5758241,156093,0,37,0,0,0.000000,0.000000,5564705,193536,0,2354182,37,0.00,1089.28
1776763525.162,382.011,98.14,0.00,55,446,1391040,267639378,0,0,5758241,157210,1,37,0,0,0.000000,0.000000,5564705,193536,0,2354182,37,0.00,1092.59
1776763526.170,383.019,99.43,0.00,55,445,1391040,267899870,0,0,5758241,158144,1,38,0,0,0.000000,0.000000,5564705,193536,0,2372620,38,0.00,927.34
1776763527.176,384.025,99.46,0.00,55,445,1391040,269202330,0,0,5758241,159244,1,38,0,0,0.000000,0.000000,5564705,193536,0,2372620,38,0.00,1092.46
1776763528.198,385.047,99.50,0.00,55,445,1391040,270504790,0,0,5758241,160344,1,38,0,0,0.000000,0.000000,5564705,193536,0,2372620,38,0.00,1076.30
1776763529.224,386.073,99.53,0.00,55,445,1391040,271807250,0,0,5758241,161444,1,38,0,0,0.000000,0.000000,5564705,193536,0,2372620,38,0.00,1072.70
1776763530.253,387.102,99.57,0.00,55,445,1391040,273109710,0,0,5758241,162544,1,38,0,0,0.000000,0.000000,5564705,193536,0,2372620,38,0.00,1069.29
1776763531.274,388.123,99.60,0.00,55,446,1391040,274412170,0,0,5758241,163644,1,38,0,0,0.000000,0.000000,5564705,193536,0,2372620,38,0.00,1076.60
1776763532.302,389.151,99.63,0.00,55,446,1391040,275714630,0,0,5758241,164744,1,38,0,0,0.000000,0.000000,5564705,193536,0,2372620,38,0.00,1069.95
1776763533.326,390.175,99.67,0.00,55,446,1391040,277017090,0,0,5758241,165844,1,38,0,0,0.000000,0.000000,5564705,193536,0,2372620,38,0.00,1074.50
1776763534.352,391.201,99.70,0.00,55,446,1391040,278319550,0,0,5758241,166944,1,38,0,0,0.000000,0.000000,5564705,193536,0,2372620,38,0.00,1072.77
1776763535.380,392.229,99.61,0.00,54,446,1391040,279622010,0,0,5758241,168028,1,39,0,0,0.000000,0.000000,5564705,193536,0,2375018,39,0.00,1054.21
1776763536.386,393.235,96.57,0.00,54,445,1391040,280338363,0,0,5758241,168727,1,40,0,0,0.000000,0.000000,5564705,193536,0,2499326,40,0.00,694.35
1776763537.393,394.242,97.32,0.00,54,445,1391040,280338363,0,0,5758241,168886,1,40,0,0,0.000000,0.000000,5564705,193536,0,2499326,40,0.00,157.98
1776763538.399,395.248,95.83,0.00,53,445,1391040,280338363,0,0,5758241,168992,1,41,0,0,0.000000,0.000000,5564705,193536,0,2561596,41,0.00,105.31
1776763539.406,396.255,96.82,0.00,54,444,1391040,280379279,0,0,5823364,169203,1,41,0,0,0.000000,0.000000,5629828,193536,0,2561596,41,0.00,209.56
1776763540.413,397.262,97.56,0.00,55,443,1391040,280422504,0,0,5864280,169363,1,41,0,0,0.000000,0.000000,5670744,193536,0,2561596,41,0.00,158.87
1776763541.420,398.269,98.55,0.00,56,442,1391040,280473281,0,0,5864280,169579,1,41,0,0,0.000000,0.000000,5670744,193536,0,2561596,41,0.00,214.56
1776763542.427,399.276,97.59,0.00,55,442,1391040,280473281,0,0,5907505,169798,1,42,0,0,0.000000,0.000000,5713969,193536,0,2624466,42,0.00,217.48
1776763543.472,400.321,98.09,0.00,56,441,1403136,280536602,0,0,5907505,169906,1,42,0,0,0.000000,0.000000,5713969,193536,0,2624466,42,19.10,103.33
1776763544.480,401.329,99.08,0.00,56,441,1403136,280536602,0,0,5958282,170126,1,42,0,0,0.000000,0.000000,5764746,193536,0,2624466,42,0.00,218.42
1776763545.486,402.335,99.55,0.00,56,441,1403136,280601840,0,0,5958282,170236,1,42,0,0,0.000000,0.000000,5764746,193536,0,2624466,42,0.00,109.25
1776763546.512,403.361,99.58,0.00,56,442,1403136,281841362,0,0,6021603,171300,1,42,0,0,0.000000,0.000000,5815971,205632,0,2624466,42,0.00,1037.04
1776763547.541,404.390,99.61,0.00,56,442,1403136,283080884,0,0,6021603,172364,1,42,0,0,0.000000,0.000000,5815971,205632,0,2624466,42,0.00,1034.65
1776763548.548,405.397,99.64,0.00,56,442,1403136,284385644,0,0,6021603,173484,1,42,0,0,0.000000,0.000000,5815971,205632,0,2624466,42,0.00,1112.27
1776763549.564,406.413,99.68,0.00,56,442,1403136,285690404,0,0,6021603,174604,1,42,0,0,0.000000,0.000000,5815971,205632,0,2624466,42,0.00,1102.39
1776763550.571,407.420,99.71,0.00,56,442,1403136,286929926,0,0,6021603,175668,1,42,0,0,0.000000,0.000000,5815971,205632,0,2624466,42,0.00,1056.77
1776763551.577,408.426,98.85,0.00,55,442,1403136,288234686,0,0,6021603,176773,1,43,0,0,0.000000,0.000000,5815971,205632,0,2650435,43,0.00,1098.35
1776763552.602,409.451,98.89,0.00,55,442,1403136,289539446,0,0,6021603,177873,1,43,0,0,0.000000,0.000000,5815971,205632,0,2650435,43,0.00,1072.67
1776763553.630,410.479,98.92,0.00,55,442,1403136,290844206,0,0,6021603,178973,1,43,0,0,0.000000,0.000000,5815971,205632,0,2650435,43,0.00,1070.28
1776763554.636,411.485,98.95,0.00,55,442,1403136,292083728,0,0,6021603,180018,1,43,0,0,0.000000,0.000000,5815971,205632,0,2650435,43,0.00,1038.41
1776763555.643,412.492,98.98,0.00,55,442,1403136,293388488,0,0,6021603,181118,1,43,0,0,0.000000,0.000000,5815971,205632,0,2650435,43,0.00,1092.91
1776763556.671,413.520,99.01,0.00,55,443,1403136,294628010,0,0,6021603,182163,1,43,0,0,0.000000,0.000000,5815971,205632,0,2650435,43,0.00,1016.22
1776763557.678,414.527,98.54,0.00,55,442,1403136,295084676,0,0,6021603,182709,1,44,0,0,0.000000,0.000000,5815971,205632,0,2695654,44,0.00,542.27
1776763558.701,415.550,99.29,0.00,55,442,1403136,295084676,0,0,6021603,182871,1,44,0,0,0.000000,0.000000,5815971,205632,0,2695654,44,0.00,158.37
1776763559.708,416.557,99.54,0.00,55,442,1403136,295139649,0,0,6021603,182979,1,44,0,0,0.000000,0.000000,5815971,205632,0,2695654,44,0.00,107.28
1776763560.745,417.594,99.57,0.00,55,442,1403136,296239109,0,0,6086841,184079,1,44,0,0,0.000000,0.000000,5881209,205632,0,2695654,44,0.00,1059.88
1776763561.776,418.625,99.61,0.00,55,443,1403136,297338569,0,0,6086841,185179,1,44,0,0,0.000000,0.000000,5881209,205632,0,2695654,44,0.00,1066.96
1776763562.807,419.656,99.64,0.00,55,443,1403136,298438029,0,0,6086841,186279,1,44,0,0,0.000000,0.000000,5881209,205632,0,2695654,44,0.00,1067.51
1776763563.836,420.685,99.67,0.00,55,443,1403136,299537489,0,0,6086841,187379,1,44,0,0,0.000000,0.000000,5881209,205632,0,2695654,44,0.00,1068.58
1776763564.869,421.718,99.71,0.00,55,443,1403136,300636949,0,0,6086841,188479,1,44,0,0,0.000000,0.000000,5881209,205632,0,2695654,44,0.00,1065.47
1776763565.901,422.750,99.74,0.00,55,443,1403136,301736409,0,0,6086841,189579,1,44,0,0,0.000000,0.000000,5881209,205632,0,2695654,44,0.00,1065.22
1776763566.929,423.778,99.77,0.00,55,443,1403136,302835869,0,0,6086841,190679,1,44,0,0,0.000000,0.000000,5881209,205632,0,2695654,44,0.00,1070.10
1776763567.956,424.805,99.81,0.00,55,443,1403136,303935329,0,0,6086841,191779,1,44,0,0,0.000000,0.000000,5881209,205632,0,2695654,44,0.00,1071.21
1776763568.985,425.834,99.66,0.00,54,444,1403136,305034789,0,0,6086841,192870,1,45,0,0,0.000000,0.000000,5881209,205632,0,2699606,45,0.00,1060.11
1776763570.019,426.868,99.70,0.00,54,444,1403136,306134249,0,0,6086841,193950,1,45,0,0,0.000000,0.000000,5881209,205632,0,2699606,45,0.00,1044.51
1776763571.044,427.893,99.73,0.00,54,444,1403136,307233709,0,0,6086841,195030,1,45,0,0,0.000000,0.000000,5881209,205632,0,2699606,45,0.00,1053.50
1776763572.075,428.924,99.76,0.00,54,444,1403136,308333169,0,0,6086841,196110,1,45,0,0,0.000000,0.000000,5881209,205632,0,2699606,45,0.00,1047.89
1776763573.107,429.956,99.79,0.00,54,445,1403136,309432629,0,0,6086841,197190,1,45,0,0,0.000000,0.000000,5881209,205632,0,2699606,45,0.00,1046.54
1776763574.133,430.982,99.82,0.00,54,445,1403136,310532089,0,0,6086841,198270,1,45,0,0,0.000000,0.000000,5881209,205632,0,2699606,45,0.00,1052.33
1776763575.167,432.016,99.86,0.00,54,445,1403136,311631549,0,0,6086841,199350,1,45,0,0,0.000000,0.000000,5881209,205632,0,2699606,45,0.00,1044.98
1776763576.196,433.045,99.89,0.00,54,445,1403136,312731009,0,0,6086841,200430,1,45,0,0,0.000000,0.000000,5881209,205632,0,2699606,45,0.00,1049.36
1776763577.228,434.077,99.92,0.00,54,445,1403136,313830469,0,0,6086841,201510,1,45,0,0,0.000000,0.000000,5881209,205632,0,2699606,45,0.00,1046.57
1776763578.262,435.111,99.96,0.00,54,445,1403136,314929929,0,0,6086841,202590,1,45,0,0,0.000000,0.000000,5881209,205632,0,2699606,45,0.00,1044.17
1776763579.269,436.118,96.49,0.00,53,444,1403136,315699551,0,0,6086841,203388,1,47,0,0,0.000000,0.000000,5881209,205632,0,2825170,47,0.00,792.60
1776763580.276,437.125,97.24,0.00,53,444,1403136,315699551,0,0,6086841,203544,1,47,0,0,0.000000,0.000000,5881209,205632,0,2825170,47,0.00,154.93
1776763581.283,438.132,98.23,0.00,54,443,1403136,315740728,0,0,6141814,203754,1,47,0,0,0.000000,0.000000,5936182,205632,0,2825170,47,0.00,208.56
1776763582.290,439.139,98.93,0.00,54,443,1403136,315783152,0,0,6141814,203913,1,47,0,0,0.000000,0.000000,5936182,205632,0,2825170,47,0.00,157.93
1776763583.296,440.145,95.84,0.00,54,442,1403136,316377088,0,0,6182991,204721,1,48,0,0,0.000000,0.000000,5977359,205632,0,2941510,48,0.00,802.49
1776763584.304,441.153,96.58,0.00,54,442,1403136,316377088,0,0,6182991,204880,1,48,0,0,0.000000,0.000000,5977359,205632,0,2941510,48,0.00,157.85
1776763585.311,442.160,97.58,0.00,55,441,1403136,316438207,0,0,6225415,205095,1,48,0,0,0.000000,0.000000,6019783,205632,0,2941510,48,0.00,213.53
1776763586.317,443.166,98.32,0.00,55,441,1403136,316438207,0,0,6225415,205257,1,48,0,0,0.000000,0.000000,6019783,205632,0,2941510,48,0.00,160.90
1776763587.325,444.174,96.90,0.00,54,440,1403136,316469773,0,0,6286534,205421,1,50,0,0,0.000000,0.000000,6080902,205632,0,3006550,50,0.00,162.72
1776763588.332,445.181,97.90,0.00,56,438,1415232,316533498,0,0,6318100,205635,1,50,0,0,0.000000,0.000000,6112468,205632,0,3006550,50,18.98,212.61
1776763589.339,446.188,98.89,0.00,57,437,1415232,316568806,0,0,6348565,205855,1,50,0,0,0.000000,0.000000,6130837,217728,0,3006550,50,0.00,218.44
1776763590.346,447.195,99.88,0.00,57,437,1415232,316568806,0,0,6381825,206079,1,50,0,0,0.000000,0.000000,6164097,217728,0,3006550,50,0.00,222.44
1776763591.371,448.220,99.97,0.00,57,438,1415232,317104936,0,0,6417133,206933,1,50,0,0,0.000000,0.000000,6199405,217728,0,3006550,50,0.00,833.38
1776763592.378,449.227,97.33,0.00,57,437,1415232,317569582,0,0,6417133,207729,1,51,0,0,0.000000,0.000000,6199405,217728,0,3108526,51,0.00,790.57
1776763593.384,450.233,98.12,0.00,57,436,1415232,317626445,0,0,6452875,207954,1,52,0,0,0.000000,0.000000,6235147,217728,0,3112968,52,0.00,223.51
1776763594.412,451.261,99.11,0.00,57,437,1415232,317626445,0,0,6452875,208178,1,52,0,0,0.000000,0.000000,6235147,217728,0,3112968,52,0.00,217.87
1776763595.465,452.314,99.45,0.00,57,438,1415232,317732333,0,0,6509738,208404,1,52,0,0,0.000000,0.000000,6292010,217728,0,3112968,52,0.00,214.67
1776763596.506,453.355,99.49,0.00,57,439,1415232,318402957,0,0,6509738,209487,1,52,0,0,0.000000,0.000000,6292010,217728,0,3112968,52,0.00,1040.67
1776763597.513,454.362,99.52,0.00,57,440,1415232,319108877,0,0,6509738,210627,1,52,0,0,0.000000,0.000000,6292010,217728,0,3112968,52,0.00,1132.36
1776763598.544,455.393,99.56,0.00,57,440,1415232,319814797,0,0,6509738,211767,1,52,0,0,0.000000,0.000000,6292010,217728,0,3112968,52,0.00,1105.65
1776763599.582,456.431,99.26,0.00,56,440,1415232,320485421,0,0,6509738,212848,1,53,0,0,0.000000,0.000000,6292010,217728,0,3121127,53,0.00,1041.02
1776763600.624,457.473,99.30,0.00,56,440,1415232,321191341,0,0,6509738,213968,1,53,0,0,0.000000,0.000000,6292010,217728,0,3121127,53,0.00,1074.91
1776763601.631,458.480,97.20,0.00,56,439,1415232,321367821,0,0,6509738,214412,1,54,0,0,0.000000,0.000000,6292010,217728,0,3222060,54,0.00,440.78
1776763602.637,459.486,98.19,0.00,57,438,1415232,321427610,0,0,6545034,214635,1,54,0,0,0.000000,0.000000,6327306,217728,0,3222060,54,0.00,221.73
1776763603.644,460.493,98.93,0.00,57,438,1415232,321427610,0,0,6545034,214803,1,54,0,0,0.000000,0.000000,6327306,217728,0,3222060,54,0.00,166.92
1776763604.650,461.499,97.63,0.00,57,437,1415232,321590222,0,0,6604823,215028,1,55,0,0,0.000000,0.000000,6387095,217728,0,3286184,55,0.00,223.47
1776763605.683,462.532,98.62,0.00,57,437,1415232,321590222,0,0,6604823,215252,1,55,0,0,0.000000,0.000000,6387095,217728,0,3286184,55,0.00,216.87
1776763606.690,463.539,99.36,0.00,58,436,1415232,321622899,0,0,6659027,215422,1,55,0,0,0.000000,0.000000,6441299,217728,0,3286184,55,0.00,168.79
1776763607.710,464.559,99.79,0.00,58,437,1415232,322075395,0,0,6691704,215942,1,55,0,0,0.000000,0.000000,6473976,217728,0,3286184,55,0.00,509.93
1776763608.718,465.567,98.25,0.00,58,437,1415232,322527891,0,0,6691704,216519,1,56,0,0,0.000000,0.000000,6473976,217728,0,3357770,56,0.00,572.80
1776763609.724,466.573,98.99,0.00,58,438,1415232,322527891,0,0,6691704,216690,1,56,0,0,0.000000,0.000000,6473976,217728,0,3357770,56,0.00,169.83
1776763610.740,467.589,99.24,0.00,58,439,1415232,323056716,0,0,6748266,217327,1,56,0,0,0.000000,0.000000,6530538,217728,0,3357770,56,0.00,627.33
1776763611.746,468.595,99.28,0.00,58,439,1415232,323970141,0,0,6748266,218429,1,56,0,0,0.000000,0.000000,6530538,217728,0,3357770,56,0.00,1095.05
1776763612.783,469.632,99.32,0.00,58,439,1415232,324931641,0,0,6748266,219589,1,56,0,0,0.000000,0.000000,6530538,217728,0,3357770,56,0.00,1118.43
1776763613.790,470.639,99.35,0.00,58,439,1415232,325845066,0,0,6748266,220691,1,56,0,0,0.000000,0.000000,6530538,217728,0,3357770,56,0.00,1095.19
1776763614.823,471.672,98.79,0.00,57,440,1415232,326806566,0,0,6748266,221838,1,57,0,0,0.000000,0.000000,6530538,217728,0,3374910,57,0.00,1109.84
1776763615.830,472.679,96.03,0.00,57,439,1415232,327623841,0,0,6748266,222806,1,58,0,0,0.000000,0.000000,6530538,217728,0,3470928,58,0.00,961.71
1776763616.836,473.685,97.02,0.00,57,439,1415232,327623841,0,0,6748266,223030,1,58,0,0,0.000000,0.000000,6530538,217728,0,3470928,58,0.00,222.62
1776763617.856,474.705,98.02,0.00,58,438,1415232,327663709,0,0,6796341,223257,1,58,0,0,0.000000,0.000000,6578613,217728,0,3470928,58,0.00,222.50
1776763618.881,475.730,98.47,0.00,58,438,1415232,327924459,0,0,6836209,223603,1,58,0,0,0.000000,0.000000,6618481,217728,0,3470928,58,0.00,337.46
1776763619.888,476.737,98.50,0.00,58,438,1415232,328915309,0,0,6836209,224705,1,58,0,0,0.000000,0.000000,6618481,217728,0,3470928,58,0.00,1094.53
1776763620.913,477.762,97.28,0.00,58,437,1415232,329749709,0,0,6836209,225689,1,59,0,0,0.000000,0.000000,6618481,217728,0,3526169,59,0.00,960.15
1776763621.920,478.769,98.02,0.00,58,437,1415232,329749709,0,0,6836209,225860,1,59,0,0,0.000000,0.000000,6618481,217728,0,3526169,59,0.00,169.85
1776763622.960,479.809,99.01,0.00,60,435,1415232,329802088,0,0,6888359,226090,1,59,0,0,0.000000,0.000000,6670631,217728,0,3526169,59,0.00,221.02
1776763623.967,480.816,99.96,0.00,60,435,1427328,329833192,0,0,6908049,226326,1,59,0,0,0.000000,0.000000,6690321,217728,0,3526169,59,38.89,234.37
1776763624.993,481.842,99.99,0.00,60,436,1620864,330330856,0,0,6940738,227286,1,59,0,0,0.000000,0.000000,6723010,217728,0,3526169,59,38.89,935.79
1776763626.001,482.850,99.13,0.00,60,435,1657152,330424168,0,0,6940738,227996,2,60,0,0,0.000000,0.000000,6723010,217728,0,3568450,60,38.89,704.77
1776763627.010,483.859,99.25,0.00,60,436,1657152,331269883,0,0,6971842,228895,2,60,0,0,0.000000,0.000000,6742018,229824,0,3568450,60,0.00,890.59
1776763628.019,484.868,97.01,0.00,60,435,1657152,331890074,0,0,6971842,229672,2,61,0,0,0.000000,0.000000,6742018,229824,0,3663553,61,0.00,770.27
1776763629.026,485.875,97.75,0.00,60,435,1657152,331890074,0,0,6971842,229849,2,61,0,0,0.000000,0.000000,6742018,229824,0,3663553,61,0.00,175.78
1776763630.033,486.882,98.50,0.00,61,434,1657152,331939680,0,0,7028223,230028,2,61,0,0,0.000000,0.000000,6798399,229824,0,3663553,61,0.00,177.75
1776763631.040,487.889,99.24,0.00,61,435,1657152,331939680,0,0,7028223,230208,2,61,0,0,0.000000,0.000000,6798399,229824,0,3663553,61,0.00,178.76
1776763632.062,488.911,99.52,0.00,61,435,1657152,332460780,0,0,7077829,230877,2,61,0,0,0.000000,0.000000,6848005,229824,0,3663553,61,0.00,654.18
1776763633.069,489.918,99.55,0.00,61,435,1657152,333450870,0,0,7077829,232036,2,61,0,0,0.000000,0.000000,6848005,229824,0,3663553,61,0.00,1151.73
1776763634.114,490.963,99.51,0.00,60,435,1657152,334493070,0,0,7077829,233239,2,62,0,0,0.000000,0.000000,6848005,229824,0,3663577,62,0.00,1151.29
1776763635.121,491.970,97.90,0.00,59,434,1657152,335170500,0,0,7077829,234076,2,64,0,0,0.000000,0.000000,6848005,229824,0,3729278,64,0.00,831.16
1776763636.144,492.993,98.89,0.00,59,435,1657152,335170500,0,0,7077829,234308,2,64,0,0,0.000000,0.000000,6848005,229824,0,3729278,64,0.00,226.77
1776763637.181,494.030,99.01,0.00,59,435,1657152,335716380,0,0,7129939,234897,2,64,0,0,0.000000,0.000000,6900115,229824,0,3729278,64,0.00,568.06
1776763638.187,495.036,99.05,0.00,59,435,1657152,336753552,0,0,7129939,236018,2,64,0,0,0.000000,0.000000,6900115,229824,0,3729278,64,0.00,1113.80
1776763639.194,496.043,99.08,0.00,59,435,1657152,337790724,0,0,7129939,237139,2,64,0,0,0.000000,0.000000,6900115,229824,0,3729278,64,0.00,1112.84
1776763640.243,497.092,99.12,0.00,59,436,1657152,338882484,0,0,7129939,238319,2,64,0,0,0.000000,0.000000,6900115,229824,0,3729278,64,0.00,1124.90
1776763641.253,498.102,99.15,0.00,59,436,1657152,339919656,0,0,7129939,239440,2,64,0,0,0.000000,0.000000,6900115,229824,0,3729278,64,0.00,1109.89
1776763642.260,499.109,99.18,0.00,59,437,1657152,340956828,0,0,7129939,240561,2,64,0,0,0.000000,0.000000,6900115,229824,0,3729278,64,0.00,1113.69
1776763643.267,500.116,99.22,0.00,59,437,1657152,341994000,0,0,7129939,241682,2,64,0,0,0.000000,0.000000,6900115,229824,0,3729278,64,0.00,1113.27
1776763644.314,501.163,99.26,0.00,59,437,1657152,343085760,0,0,7129939,242862,2,64,0,0,0.000000,0.000000,6900115,229824,0,3729278,64,0.00,1126.52
1776763645.364,502.213,99.29,0.00,59,437,1657152,344177520,0,0,7129939,244042,2,64,0,0,0.000000,0.000000,6900115,229824,0,3729278,64,0.00,1124.22
1776763646.372,503.221,99.32,0.00,59,437,1657152,345214692,0,0,7129939,245163,2,64,0,0,0.000000,0.000000,6900115,229824,0,3729278,64,0.00,1111.69
1776763647.381,504.230,99.36,0.00,59,437,1657152,346251864,0,0,7129939,246284,2,64,0,0,0.000000,0.000000,6900115,229824,0,3729278,64,0.00,1111.50
1776763648.389,505.238,99.39,0.00,59,437,1657152,347289036,0,0,7129939,247405,2,64,0,0,0.000000,0.000000,6900115,229824,0,3729278,64,0.00,1111.77
1776763649.397,506.246,99.43,0.00,59,437,1657152,348326208,0,0,7129939,248526,2,64,0,0,0.000000,0.000000,6900115,229824,0,3729278,64,0.00,1112.81
1776763650.406,507.255,99.46,0.00,59,437,1657152,349363380,0,0,7129939,249647,2,64,0,0,0.000000,0.000000,6900115,229824,0,3729278,64,0.00,1110.86
1776763651.451,508.300,99.49,0.00,59,437,1657152,350455140,0,0,7129939,250827,2,64,0,0,0.000000,0.000000,6900115,229824,0,3729278,64,0.00,1128.43
1776763652.484,509.333,99.53,0.00,59,438,1657152,351492312,0,0,7129939,251948,2,64,0,0,0.000000,0.000000,6900115,229824,0,3729278,64,0.00,1086.14
1776763653.534,510.383,99.02,0.00,58,438,1657152,352529484,0,0,7129939,253059,2,65,0,0,0.000000,0.000000,6900115,229824,0,3744127,65,0.00,1058.07
1776763654.541,511.390,99.06,0.00,58,438,1657152,353621244,0,0,7129939,254219,2,65,0,0,0.000000,0.000000,6900115,229824,0,3744127,65,0.00,1151.83
1776763655.547,512.396,99.09,0.00,58,438,1657152,354658416,0,0,7129939,255321,2,65,0,0,0.000000,0.000000,6900115,229824,0,3744127,65,0.00,1094.79
1776763656.554,513.403,99.12,0.00,58,438,1657152,355695588,0,0,7129939,256423,2,65,0,0,0.000000,0.000000,6900115,229824,0,3744127,65,0.00,1094.78
1776763657.568,514.417,99.16,0.00,58,438,1657152,356732760,0,0,7129939,257525,2,65,0,0,0.000000,0.000000,6900115,229824,0,3744127,65,0.00,1086.93
1776763658.574,515.423,99.19,0.00,58,438,1657152,357769932,0,0,7129939,258627,2,65,0,0,0.000000,0.000000,6900115,229824,0,3744127,65,0.00,1095.14
1776763659.585,516.434,99.23,0.00,58,438,1657152,358807104,0,0,7129939,259729,2,65,0,0,0.000000,0.000000,6900115,229824,0,3744127,65,0.00,1090.31
1776763660.633,517.482,99.26,0.00,58,440,1657152,359844276,0,0,7129939,260831,2,65,0,0,0.000000,0.000000,6900115,229824,0,3744127,65,0.00,1051.04
1776763661.643,518.492,97.30,0.00,58,441,1657152,360499332,0,0,7129939,261640,2,66,0,0,0.000000,0.000000,6900115,229824,0,3830646,66,0.00,801.07
1776763662.650,519.499,98.04,0.00,58,441,1657152,360499332,0,0,7129939,261811,2,66,0,0,0.000000,0.000000,6900115,229824,0,3830646,66,0.00,169.87
1776763663.656,520.505,98.78,0.00,59,440,1657152,360533272,0,0,7184527,261984,2,66,0,0,0.000000,0.000000,6954703,229824,0,3830646,66,0.00,171.86
1776763664.664,521.513,97.31,0.00,59,439,1657152,361012696,0,0,7218467,262512,2,67,0,0,0.000000,0.000000,6988643,229824,0,3898435,67,0.00,524.19
1776763665.671,522.520,98.30,0.00,59,439,1657152,361012696,0,0,7218467,262744,2,67,0,0,0.000000,0.000000,6988643,229824,0,3898435,67,0.00,230.41
1776763666.678,523.527,97.45,0.00,58,439,1657152,361012696,0,0,7218467,262859,2,68,0,0,0.000000,0.000000,6988643,229824,0,3939482,68,0.00,114.13
1776763667.686,524.535,98.44,0.00,59,438,1657152,361067559,0,0,7278395,263090,2,68,0,0,0.000000,0.000000,7048571,229824,0,3939482,68,0.00,229.28
1776763668.696,525.545,99.19,0.00,59,439,1657152,361067559,0,0,7278395,263264,2,68,0,0,0.000000,0.000000,7048571,229824,0,3939482,68,0.00,172.25
1776763669.703,526.552,96.21,0.00,59,439,1657152,361136421,0,0,7333258,263496,2,69,0,0,0.000000,0.000000,7103434,229824,0,4061173,69,0.00,230.35
1776763670.710,527.559,97.20,0.00,60,438,1657152,361162399,0,0,7367689,263730,2,69,0,0,0.000000,0.000000,7137865,229824,0,4061173,69,0.00,232.31
1776763671.717,528.566,98.19,0.00,61,437,1657152,361212685,0,0,7393667,263969,2,69,0,0,0.000000,0.000000,7163843,229824,0,4061173,69,0.00,237.39
1776763672.724,529.573,98.84,0.00,61,437,1657152,361275706,0,0,7393667,264149,2,69,0,0,0.000000,0.000000,7163843,229824,0,4061173,69,0.00,178.72
1776763673.795,530.644,98.87,0.00,61,437,1657152,362410084,0,0,7443953,265247,2,69,0,0,0.000000,0.000000,7214129,229824,0,4061173,69,0.00,1025.29
1776763674.970,531.819,98.91,0.00,61,437,1657152,363733525,0,0,7443953,266528,2,69,0,0,0.000000,0.000000,7214129,229824,0,4061173,69,0.00,1089.86
1776763676.029,532.878,98.95,0.00,61,437,1657152,365056966,0,0,7443953,267809,2,69,0,0,0.000000,0.000000,7214129,229824,0,4061173,69,0.00,1209.73
1776763677.086,533.935,98.99,0.00,61,437,1657152,366317386,0,0,7443953,269029,2,69,0,0,0.000000,0.000000,7214129,229824,0,4061173,69,0.00,1154.26
1776763678.093,534.942,97.32,0.00,61,436,1657152,366821554,0,0,7443953,269636,2,70,0,0,0.000000,0.000000,7214129,229824,0,4138993,70,0.00,603.01
1776763679.100,535.949,98.07,0.00,61,436,1657152,366821554,0,0,7443953,269816,2,70,0,0,0.000000,0.000000,7214129,229824,0,4138993,70,0.00,178.80
1776763680.107,536.956,98.81,0.00,62,436,1657152,366840148,0,0,7506974,269997,2,70,0,0,0.000000,0.000000,7277150,229824,0,4138993,70,0.00,179.76
1776763681.364,538.213,99.09,0.00,62,436,1657152,367689668,0,0,7525568,270925,2,70,0,0,0.000000,0.000000,7295744,229824,0,4138993,70,0.00,738.13
1776763682.554,539.403,98.79,0.00,61,436,1657152,369024628,0,0,7525568,272286,2,71,0,0,0.000000,0.000000,7295744,229824,0,4147989,71,0.00,1143.26
1776763684.047,540.896,98.84,0.00,61,436,1657152,370662988,0,0,7525568,273933,2,71,0,0,0.000000,0.000000,7295744,229824,0,4147989,71,0.00,1103.27
1776763685.107,541.956,96.28,0.00,61,435,1657152,371633868,0,0,7525568,275028,2,72,0,0,0.000000,0.000000,7295744,229824,0,4254527,72,0.00,1033.54
1776763686.113,542.962,97.02,0.00,61,435,1657152,371633868,0,0,7525568,275208,2,72,0,0,0.000000,0.000000,7295744,229824,0,4254527,72,0.00,178.79
1776763687.187,544.036,97.77,0.00,62,434,1657152,371692631,0,0,7586248,275389,2,72,0,0,0.000000,0.000000,7356424,229824,0,4254527,72,0.00,168.60
1776763688.235,545.084,98.76,0.00,62,434,1657152,371692631,0,0,7586248,275633,2,72,0,0,0.000000,0.000000,7356424,229824,0,4254527,72,0.00,232.79
1776763689.242,546.091,99.25,0.00,63,433,1669248,371715157,0,0,7586248,275755,2,72,0,0,0.000000,0.000000,7356424,229824,0,4254527,72,53.70,121.21
1776763690.442,547.291,99.52,0.00,63,433,1669248,372490015,0,0,7667537,276636,2,72,0,0,0.000000,0.000000,7425617,241920,0,4254527,72,0.00,733.68
1776763691.449,548.298,98.19,0.00,63,433,1669248,372822097,0,0,7667537,277199,2,73,0,0,0.000000,0.000000,7425617,241920,0,4329142,73,0.00,559.17
1776763692.456,549.305,98.89,0.00,63,433,1669248,372870277,0,0,7667537,277385,2,73,0,0,0.000000,0.000000,7425617,241920,0,4329142,73,0.00,184.71
1776763693.918,550.767,98.92,0.00,63,433,1669248,373689337,0,0,7722884,278456,2,73,0,0,0.000000,0.000000,7480964,241920,0,4329142,73,0.00,732.70
1776763694.927,551.776,98.62,0.00,63,434,1669248,374556577,0,0,7722884,279713,2,74,0,0,0.000000,0.000000,7480964,241920,0,4361034,74,0.00,1246.22
1776763695.934,552.783,99.35,0.00,63,435,1669248,374607651,0,0,7722884,279899,2,74,0,0,0.000000,0.000000,7480964,241920,0,4361034,74,0.00,184.70
1776763696.941,553.790,95.11,0.00,62,434,1669248,374760873,0,0,7771064,280210,2,76,0,0,0.000000,0.000000,7529144,241920,0,4516663,76,0.00,308.89
1776763697.947,554.796,95.86,0.00,62,434,1669248,374760873,0,0,7771064,280393,2,76,0,0,0.000000,0.000000,7529144,241920,0,4516663,76,0.00,181.73
1776763698.955,555.804,96.85,0.00,63,433,1669248,374815981,0,0,7822138,280640,2,76,0,0,0.000000,0.000000,7580218,241920,0,4516663,76,0.00,245.28
1776763699.962,556.811,97.59,0.00,63,434,1669248,374815981,0,0,7822138,280826,2,76,0,0,0.000000,0.000000,7580218,241920,0,4516663,76,0.00,184.69
1776763700.968,557.817,98.58,0.00,64,434,1669248,374874910,0,0,7877246,281077,2,76,0,0,0.000000,0.000000,7635326,241920,0,4516663,76,0.00,249.32
1776763701.996,558.845,99.33,0.00,64,434,1669248,374874910,0,0,7877246,281266,2,76,0,0,0.000000,0.000000,7635326,241920,0,4516663,76,0.00,183.87
1776763703.212,560.061,99.42,0.00,64,435,1669248,375421740,0,0,7936175,281905,2,76,0,0,0.000000,0.000000,7694255,241920,0,4516663,76,0.00,525.65
1776763704.615,561.464,99.47,0.00,64,435,1669248,376788815,0,0,7936175,283505,2,76,0,0,0.000000,0.000000,7694255,241920,0,4516663,76,0.00,1140.62
1776763705.622,562.471,98.97,0.00,64,434,1669248,377007547,0,0,7936175,284012,2,77,0,0,0.000000,0.000000,7694255,241920,0,4573225,77,0.00,503.16
1776763706.629,563.478,99.46,0.00,65,433,1669248,377022344,0,0,7936175,284138,2,77,0,0,0.000000,0.000000,7694255,241920,0,4573225,77,0.00,125.11
1776763707.794,564.643,94.88,0.00,65,431,1681344,377184871,0,0,8021592,284923,2,79,0,0,0.000000,0.000000,7767576,254016,0,4741983,79,7.44,674.02
1776763708.801,565.650,95.88,0.00,67,429,1693440,377329511,0,0,8050692,285184,2,79,0,0,0.000000,0.000000,7784580,266112,0,4741983,79,8.36,259.18
1776763709.808,566.657,96.62,0.00,67,430,1693440,377329511,0,0,8050692,285382,2,79,0,0,0.000000,0.000000,7784580,266112,0,4741983,79,0.00,196.59
1776763710.815,567.664,97.36,0.00,67,431,1693440,377329511,0,0,8050692,285580,2,79,0,0,0.000000,0.000000,7784580,266112,0,4741983,79,0.00,196.61
1776763711.822,568.671,97.85,0.00,67,432,1693440,377329511,0,0,8050692,285712,2,79,0,0,0.000000,0.000000,7784580,266112,0,4741983,79,0.00,131.14
1776763712.828,569.677,98.10,0.00,67,432,1693440,377329511,0,0,8050692,285778,2,79,0,0,0.000000,0.000000,7784580,266112,0,4741983,79,0.00,65.58
1776763713.835,570.684,98.60,0.00,67,432,1693440,377329511,0,0,8050692,285910,2,79,0,0,0.000000,0.000000,7784580,266112,0,4741983,79,0.00,131.17
1776763714.841,571.690,98.85,0.00,67,432,1693440,377329511,0,0,8050692,285976,2,79,0,0,0.000000,0.000000,7784580,266112,0,4741983,79,0.00,65.57
1776763715.848,572.697,99.12,0.00,67,432,1693440,377450154,0,0,8050692,286108,2,79,0,0,0.000000,0.000000,7784580,266112,0,4741983,79,0.00,131.10
1776763718.435,575.284,99.16,0.00,67,432,1693440,379501085,0,0,8180891,287247,2,79,0,0,0.000000,0.000000,7914779,266112,0,4741983,79,0.00,440.36
1776763719.442,576.291,96.80,0.00,67,431,1693440,380586872,0,0,8180891,288245,2,80,0,0,0.000000,0.000000,7914779,266112,0,4874820,80,0.00,991.06
1776763720.448,577.297,97.29,0.00,67,431,1693440,380586872,0,0,8180891,288377,2,80,0,0,0.000000,0.000000,7914779,266112,0,4874820,80,0.00,131.10
1776763721.455,578.304,97.79,0.00,67,431,1693440,380586872,0,0,8180891,288509,2,80,0,0,0.000000,0.000000,7914779,266112,0,4874820,80,0.00,131.15
1776763722.461,579.310,98.29,0.00,67,431,1693440,380586872,0,0,8180891,288641,2,80,0,0,0.000000,0.000000,7914779,266112,0,4874820,80,0.00,131.16
1776763723.468,580.317,98.54,0.00,67,431,1693440,380586872,0,0,8180891,288707,2,80,0,0,0.000000,0.000000,7914779,266112,0,4874820,80,0.00,65.58
1776763726.300,583.149,98.77,0.00,67,431,1693440,381687785,0,0,8301534,289443,2,80,0,0,0.000000,0.000000,8035422,266112,0,4874820,80,0.00,259.87
1776763763.988,620.837,95.53,0.00,61,416,1693440,426434311,0,0,8499333,319975,2,88,0,0,0.000000,0.000000,8233221,266112,0,5174054,88,0.00,810.13
1776763764.995,621.844,93.32,0.00,61,387,1693440,426499725,0,0,8499333,320095,2,88,0,0,0.000000,0.000000,8233221,266112,0,5174054,88,0.00,119.10
1776763766.003,622.852,93.68,0.00,60,388,1693440,426499725,0,0,8499333,320334,2,89,0,0,0.000000,0.000000,8233221,266112,0,5190804,89,0.00,237.25
1776763767.065,623.914,93.20,0.00,60,356,1693440,426539400,0,0,8499333,320570,2,89,0,0,0.000000,0.000000,8233221,266112,0,5190804,89,0.00,222.21
1776763768.688,625.537,94.68,0.00,61,370,1693440,426599299,0,0,8539008,320928,2,89,0,0,0.000000,0.000000,8272896,266112,0,5190804,89,0.00,220.56
1776763769.712,626.561,93.92,0.00,61,347,1693440,426646242,0,0,8539008,321108,2,89,0,0,0.000000,0.000000,8272896,266112,0,5190804,89,0.00,175.83
1776763770.719,627.568,94.91,0.00,61,350,1693440,426646242,0,0,8539008,321348,2,89,0,0,0.000000,0.000000,8272896,266112,0,5190804,89,0.00,238.32
1776763771.822,628.671,95.90,0.00,63,353,1693440,426708413,0,0,8585951,321591,2,89,0,0,0.000000,0.000000,8319839,266112,0,5190804,89,0.00,220.32
1776763772.829,629.678,96.90,0.00,63,353,1693440,426708413,0,0,8611546,321839,2,89,0,0,0.000000,0.000000,8345434,266112,0,5190804,89,0.00,246.19
1776763774.051,630.900,97.89,0.00,66,363,1729728,426783273,0,0,8690756,322093,2,89,0,0,0.000000,0.000000,8400452,290304,0,5190804,89,48.47,207.82
1776763777.113,633.962,98.53,0.00,67,372,1741824,427331426,0,0,8746095,322892,2,89,0,0,0.000000,0.000000,8431599,314496,0,5190804,89,2.21,261.00
1776763793.548,650.397,97.18,0.00,66,293,1923264,444798169,0,0,8746095,337126,2,91,0,0,0.000000,0.000000,8431599,314496,0,5278696,91,1.04,866.04
1776763794.559,651.408,97.92,0.00,66,295,1923264,444798169,0,0,8746095,337321,2,91,0,0,0.000000,0.000000,8431599,314496,0,5278696,91,0.00,192.84
1776763795.567,652.416,98.41,0.00,66,301,1923264,444798169,0,0,8746095,337451,2,91,0,0,0.000000,0.000000,8431599,314496,0,5278696,91,0.00,129.06
1776763796.574,653.423,98.91,0.00,66,306,1923264,444798169,0,0,8746095,337581,2,91,0,0,0.000000,0.000000,8431599,314496,0,5278696,91,0.00,129.09
1776763797.678,654.527,96.45,0.00,66,275,1923264,444857829,0,0,8746095,337711,2,91,0,0,0.000000,0.000000,8431599,314496,0,5278696,91,0.00,117.73
1776763798.689,655.538,97.44,0.00,66,275,1923264,444857829,0,0,8746095,337971,2,91,0,0,0.000000,0.000000,8431599,314496,0,5278696,91,0.00,257.26
1776763799.771,656.620,98.18,0.00,67,274,1923264,444894307,0,0,8746095,338166,2,91,0,0,0.000000,0.000000,8431599,314496,0,5278696,91,0.00,180.10
1776763800.854,657.703,99.14,0.00,67,288,1923264,444941851,0,0,8805755,338430,2,91,0,0,0.000000,0.000000,8491259,314496,0,5278696,91,0.00,243.89
1776763805.550,662.399,99.18,0.00,67,306,1923264,445845187,0,0,8842233,339703,2,91,0,0,0.000000,0.000000,8527737,314496,0,5278696,91,0.00,271.09
1776763806.851,663.700,96.79,0.00,67,276,1923264,447451568,0,0,8842233,342504,2,92,0,0,0.000000,0.000000,8527737,314496,0,5389267,92,0.00,2152.57
1776763807.935,664.784,97.53,0.00,67,308,1923264,447451568,0,0,8842233,342702,2,92,0,0,0.000000,0.000000,8527737,314496,0,5389267,92,0.00,182.60
1776763808.950,665.799,98.03,0.00,67,308,1923264,447451568,0,0,8842233,342834,2,92,0,0,0.000000,0.000000,8527737,314496,0,5389267,92,0.00,130.10
1776763809.963,666.812,98.53,0.00,67,308,1923264,447451568,0,0,8842233,342966,2,92,0,0,0.000000,0.000000,8527737,314496,0,5389267,92,0.00,130.32
1776763810.994,667.843,95.83,0.00,66,286,1923264,447451568,0,0,8842233,343098,2,92,0,0,0.000000,0.000000,8527737,314496,0,5389267,92,0.00,127.94
1776763812.017,668.866,94.52,0.00,66,290,1923264,447506329,0,0,8842233,343294,2,93,0,0,0.000000,0.000000,8527737,314496,0,5454390,93,0.00,191.62
1776763813.024,669.873,95.26,0.00,66,290,1923264,447506329,0,0,8842233,343489,2,93,0,0,0.000000,0.000000,8527737,314496,0,5454390,93,0.00,193.64
1776763814.117,670.966,96.25,0.00,67,289,1923264,447535151,0,0,8896994,343752,2,93,0,0,0.000000,0.000000,8582498,314496,0,5454390,93,0.00,240.71
1776763815.124,671.973,97.24,0.00,68,307,1923264,447586140,0,0,8925816,344019,2,93,0,0,0.000000,0.000000,8611320,314496,0,5454390,93,0.00,265.12
1776763816.178,673.027,97.87,0.00,68,307,1923264,447662252,0,0,8925816,344220,2,93,0,0,0.000000,0.000000,8611320,314496,0,5454390,93,0.00,190.67
1776763817.185,674.034,97.32,0.00,68,279,1923264,447828279,0,0,8925816,344555,2,93,0,0,0.000000,0.000000,8611320,314496,0,5454390,93,0.00,332.62
1776763818.193,675.042,98.07,0.00,68,286,1923264,447828279,0,0,8925816,344756,2,93,0,0,0.000000,0.000000,8611320,314496,0,5454390,93,0.00,199.58
1776763819.200,676.049,98.56,0.00,68,286,1923264,447828279,0,0,8925816,344890,2,93,0,0,0.000000,0.000000,8611320,314496,0,5454390,93,0.00,133.01
1776763820.208,677.057,99.06,0.00,68,286,1923264,447828279,0,0,8925816,345024,2,93,0,0,0.000000,0.000000,8611320,314496,0,5454390,93,0.00,132.97
1776763821.244,678.093,97.11,0.00,69,286,1935360,448058509,0,0,8939770,345294,2,93,0,0,0.000000,0.000000,8613178,326592,0,5454390,93,5.25,260.48
1776763822.252,679.101,97.85,0.00,69,286,1935360,448058509,0,0,8939770,345498,2,93,0,0,0.000000,0.000000,8613178,326592,0,5454390,93,0.00,202.51
1776763823.259,680.108,98.35,0.00,69,286,1935360,448058509,0,0,8939770,345634,2,93,0,0,0.000000,0.000000,8613178,326592,0,5454390,93,0.00,134.99
1776763824.522,681.371,99.09,0.00,69,286,1935360,448058509,0,0,8939770,345838,2,93,0,0,0.000000,0.000000,8613178,326592,0,5454390,93,0.00,161.60
1776763825.629,682.478,99.58,0.00,69,305,1935360,448058509,0,0,8939770,345974,2,93,0,0,0.000000,0.000000,8613178,326592,0,5454390,93,0.00,122.80
1776763826.636,683.485,99.83,0.00,69,305,1935360,448058509,0,0,8939770,346042,2,93,0,0,0.000000,0.000000,8613178,326592,0,5454390,93,0.00,67.53
1776763827.643,684.492,99.26,0.00,69,304,1935360,448159423,0,0,9052114,346383,2,94,0,0,0.000000,0.000000,8725522,326592,0,5495306,94,0.00,338.62
1776763833.014,689.863,99.58,0.00,69,321,1935360,448698857,0,0,9085752,347416,2,94,0,0,0.000000,0.000000,8759160,326592,0,5495306,94,0.00,192.33
1776763868.504,725.353,99.00,0.00,65,345,2636928,474117452,0,0,9440992,369480,2,103,0,0,0.000000,0.000000,9114400,326592,0,5922622,103,2.76,621.70
1776763869.516,726.365,99.00,0.00,65,345,2636928,474117452,0,0,9440992,369480,2,103,0,0,0.000000,0.000000,9114400,326592,0,5922622,103,0.00,0.00
1776763870.540,727.389,99.00,0.00,65,345,2636928,474117452,0,0,9440992,369480,2,103,0,0,0.000000,0.000000,9114400,326592,0,5922622,103,0.00,0.00
1776763871.551,728.400,99.00,0.00,65,345,2636928,474117452,0,0,9440992,369480,2,103,0,0,0.000000,0.000000,9114400,326592,0,5922622,103,0.00,0.00
1776763872.558,729.407,98.36,0.00,65,352,2636928,474243234,0,0,9501885,369801,2,104,0,0,0.000000,0.000000,9163197,338688,0,5973399,104,0.00,318.67
1776763873.565,730.414,99.10,0.00,65,352,2636928,474243234,0,0,9501885,369993,2,104,0,0,0.000000,0.000000,9163197,338688,0,5973399,104,0.00,190.66
