timestamp_sec,relative_time_sec,kv_cache_usage_pct,cpu_kv_cache_usage_pct,num_requests_running,num_requests_waiting,prefix_cache_hits,prefix_cache_queries,cpu_prefix_cache_hits,cpu_prefix_cache_queries,prompt_tokens_total,generation_tokens_total,num_preemptions_total,request_success_total,interval_cache_hit_rate_pct,interval_throughput_tok_per_sec
1770239957.880,0.000,0.00,0.00,0,0,0,0,0,0,0,0,0,0,0.00,0.00
1770239958.891,1.011,0.00,0.00,1,0,0,38,0,38,38,1,0,0,0.00,0.99
1770239959.899,2.019,0.00,0.00,1,0,0,38,0,38,38,1,0,0,0.00,0.00
1770239960.908,3.028,0.00,0.00,1,0,0,38,0,38,38,1,0,0,0.00,0.00
1770239961.918,4.038,0.40,0.00,32,0,768,15484,0,15484,15484,585,0,5,4.97,578.19
1770239962.927,5.047,0.49,0.00,32,0,2848,18779,0,18779,17533,3023,0,12,63.13,2415.67
1770239963.935,6.055,0.59,0.00,32,0,5264,22267,0,22267,22008,5918,0,17,69.27,2871.82
1770239964.945,7.064,0.68,0.00,31,0,9472,27885,0,27885,27885,8448,0,25,74.90,2507.07
1770239965.954,8.073,0.78,0.00,32,0,14576,33624,0,33624,33624,11213,0,30,88.94,2740.55
1770239966.966,9.086,0.83,0.00,31,0,18400,39645,0,39645,39645,14073,0,35,63.51,2825.16
1770239967.976,10.095,0.93,0.00,32,0,24736,47784,0,47784,46310,16059,0,43,77.85,1967.01
1770239968.983,11.103,1.02,0.00,32,0,37152,61837,0,61837,59330,18100,0,54,88.35,2025.43
1770239969.993,12.113,1.10,0.00,32,0,43696,68825,0,68825,68825,20737,0,59,93.65,2612.12
1770239971.002,13.122,1.14,0.00,31,0,50848,77523,0,77523,75364,23242,0,66,82.23,2481.94
1770239972.012,14.132,1.19,0.00,31,0,57888,85593,0,85593,85593,25813,0,71,87.24,2545.82
1770239973.021,15.141,1.31,0.00,32,0,65888,94345,0,94345,94345,28291,0,76,91.41,2454.56
1770239974.030,16.150,1.32,0.00,31,0,74400,103135,0,103135,101476,30762,0,83,96.84,2449.77
1770239975.038,17.158,1.33,0.00,32,0,78864,109550,0,109550,109399,33042,0,89,69.59,2261.88
1770239976.055,18.175,1.34,0.00,31,0,87344,119842,0,119842,119842,35507,0,97,82.39,2424.50
1770239977.063,19.183,1.46,0.00,32,0,98720,134308,0,134308,131349,37554,0,106,78.64,2029.61
1770239978.074,20.194,1.53,0.00,32,0,113680,149856,0,149856,149856,39738,0,113,96.22,2160.76
1770239979.082,21.201,1.62,0.00,32,0,121280,157958,0,157958,157958,42474,0,117,93.80,2716.09
1770239980.091,22.211,1.72,0.00,32,0,129616,171887,0,171887,171887,44720,0,124,59.85,2223.93
1770239981.099,23.219,1.79,0.00,32,0,138368,180972,0,180972,180972,47260,0,129,96.33,2521.55
1770239982.107,24.227,1.89,0.00,32,0,144464,188124,0,188124,188124,50099,0,132,85.23,2816.18
1770239983.114,25.234,1.93,0.00,32,0,150688,195430,0,195430,193457,52767,0,137,85.19,2648.97
1770239984.123,26.243,1.97,0.00,32,0,158896,205403,0,205403,205403,55180,0,142,82.30,2390.57
1770239985.132,27.252,1.98,0.00,31,0,173216,221195,0,221195,217746,57227,0,151,90.68,2030.01
1770239986.140,28.260,2.06,0.00,32,0,178960,228839,0,228839,228071,59708,0,155,75.14,2461.29
1770239987.153,29.273,2.07,0.00,31,0,185024,235274,0,235274,235274,62510,0,159,94.23,2765.65
1770239988.161,30.280,2.15,0.00,32,0,193008,244459,0,244459,244459,65153,0,162,86.92,2623.07
1770239989.169,31.289,2.19,0.00,31,0,195632,249024,0,249024,249024,68088,0,165,57.48,2909.13
1770239990.178,32.298,2.22,0.00,31,0,206256,261906,0,261906,261906,70597,0,170,82.47,2487.09
1770239991.187,33.307,2.20,0.00,32,0,211664,267403,0,267403,267403,73402,0,172,98.38,2781.53
1770239992.200,34.320,2.03,0.00,31,0,215824,272081,0,272081,272081,76237,0,176,88.93,2797.47
1770239993.209,35.329,2.11,0.00,32,0,222288,279051,0,279051,279051,78880,0,179,92.74,2620.37
1770239994.219,36.339,2.12,0.00,31,0,230160,289428,0,289428,289428,81389,0,185,75.86,2483.36
1770239995.229,37.349,2.19,0.00,32,0,245680,306048,0,306048,306048,83736,0,190,93.38,2324.01
1770239996.237,38.357,2.26,0.00,32,0,254256,314774,0,314774,314774,86375,0,194,98.28,2617.49
1770239997.247,39.367,2.35,0.00,32,0,262752,324097,0,324097,323497,88981,0,199,91.13,2580.50
1770239998.256,40.375,2.30,0.00,32,0,268368,330302,0,330302,330302,91494,0,203,90.51,2491.67
1770239999.264,41.383,2.31,0.00,32,0,278704,341037,0,341037,341037,94132,0,207,96.28,2617.06
1770240000.274,42.393,2.00,0.00,30,0,284832,347751,0,347751,347751,96798,0,213,91.27,2639.90
1770240001.283,43.402,2.09,0.00,31,0,292160,356226,0,356226,356226,99117,0,218,86.47,2298.13
1770240002.290,44.410,2.18,0.00,32,0,299008,364307,0,364307,364307,101791,0,221,84.74,2653.22
1770240003.300,45.420,2.15,0.00,32,0,307120,372847,0,372847,372847,104432,0,225,94.99,2615.44
1770240004.308,46.428,1.98,0.00,32,0,309040,375807,0,375807,375807,107106,0,229,64.86,2652.55
1770240005.318,47.437,2.07,0.00,32,0,321792,389286,0,389286,389286,109614,0,234,94.61,2484.96
1770240006.325,48.445,2.09,0.00,32,0,324528,392204,0,392204,392204,112420,0,237,93.76,2785.31
1770240007.335,49.455,1.96,0.00,31,0,334640,403926,0,403926,403926,114922,0,244,86.27,2477.86
1770240008.346,50.466,2.02,0.00,31,0,340592,413524,0,413524,413524,117270,0,249,62.01,2321.22
1770240009.353,51.473,2.04,0.00,32,0,347648,421464,0,421464,421464,119753,0,253,88.87,2467.22
1770240010.363,52.483,2.05,0.00,32,0,354192,429253,0,429253,429253,121905,0,260,84.02,2128.98
1770240011.372,53.492,2.02,0.00,31,0,357968,434802,0,434802,434802,124416,0,266,68.05,2488.98
1770240012.380,54.500,1.91,0.00,32,0,367456,447648,0,447648,447349,126922,0,271,73.86,2486.16
1770240013.388,55.508,1.77,0.00,31,0,381248,464279,0,464279,463086,128940,0,280,82.93,2002.01
1770240014.396,56.516,1.87,0.00,32,0,388384,472601,0,472601,472029,131583,0,283,85.75,2622.14
1770240015.404,57.524,1.90,0.00,32,0,398784,483390,0,483390,483390,134060,0,288,96.39,2457.59
1770240016.412,58.532,1.98,0.00,32,0,405792,490863,0,490863,488600,136734,0,292,93.78,2652.51
1770240017.420,59.540,2.02,0.00,31,0,411024,496970,0,496970,496970,139342,0,297,85.67,2586.87
1770240018.428,60.548,2.17,0.00,32,0,416960,503939,0,503939,503939,142149,0,299,85.18,2784.80
1770240019.440,61.560,2.17,0.00,32,0,430992,519677,0,519677,519677,144463,0,305,89.16,2286.46
1770240020.451,62.571,2.09,0.00,31,0,434464,524681,0,524681,524681,147134,0,310,69.38,2642.60
1770240021.460,63.579,2.14,0.00,32,0,444896,540485,0,540485,540485,149254,0,316,66.01,2102.41
1770240022.468,64.588,2.22,0.00,32,0,451088,546926,0,546926,544570,152090,0,319,96.13,2811.34
1770240023.479,65.599,2.16,0.00,32,0,453952,549959,0,549959,549959,154863,0,322,94.43,2743.75
1770240024.488,66.608,2.25,0.00,32,0,459584,556265,0,556265,556265,157638,0,325,89.31,2751.01
1770240025.496,67.616,2.12,0.00,32,0,461888,559361,0,559361,559361,160280,0,329,74.42,2620.99
1770240026.503,68.623,2.21,0.00,32,0,474528,573097,0,573097,573097,162788,0,334,92.02,2488.68
1770240027.512,69.632,2.29,0.00,32,0,483104,582005,0,582005,579965,165656,0,337,96.27,2844.44
1770240028.523,70.643,2.37,0.00,32,0,498736,598753,0,598753,598753,167900,0,344,93.34,2218.14
1770240029.533,71.653,2.45,0.00,32,0,509440,609894,0,609894,609894,170704,0,347,96.08,2778.00
1770240030.542,72.662,2.50,0.00,32,0,515344,617522,0,617522,616894,173312,0,352,77.40,2583.31
1770240031.551,73.671,2.49,0.00,32,0,529216,631718,0,631718,628479,175693,0,357,97.72,2359.81
1770240032.560,74.680,2.59,0.00,32,0,538928,642858,0,642858,642858,178333,0,361,87.18,2616.20
1770240033.570,75.690,2.48,0.00,32,0,546560,651213,0,651213,651213,180584,0,367,91.35,2230.04
1770240034.578,76.698,2.32,0.00,32,0,549584,655165,0,655165,655165,183094,0,372,76.52,2489.88
1770240035.586,77.706,2.25,0.00,32,0,558128,666079,0,666079,665501,185372,0,379,78.28,2260.41
1770240036.599,78.719,2.33,0.00,32,0,565824,674139,0,674139,674139,187785,0,384,95.48,2381.03
1770240037.608,79.728,2.40,0.00,32,0,567984,678578,0,678578,678578,190490,0,388,48.66,2680.69
1770240038.620,80.739,2.49,0.00,32,0,586976,699155,0,699155,699155,192960,0,393,92.30,2442.08
1770240039.629,81.749,2.40,0.00,32,0,590816,704887,0,704887,704887,195469,0,398,66.99,2485.99
1770240040.642,82.762,2.47,0.00,32,0,605152,719617,0,719617,719617,198142,0,402,97.33,2637.17
1770240041.651,83.771,2.56,0.00,32,0,617536,733035,0,733035,731567,200542,0,410,92.29,2380.05
1770240042.659,84.779,2.52,0.00,31,0,621920,737735,0,737735,737735,203313,0,414,93.28,2749.16
1770240043.670,85.789,2.58,0.00,32,0,634224,752401,0,752401,747357,205498,0,420,83.89,2161.76
1770240044.678,86.798,2.60,0.00,32,0,643728,763881,0,763881,763881,208107,0,424,82.79,2586.10
1770240045.686,87.806,2.68,0.00,32,0,645936,766161,0,766161,766161,210948,0,426,96.84,2820.42
1770240046.694,88.814,2.82,0.00,31,0,651600,774732,0,774732,772452,213619,0,431,66.08,2649.69
1770240047.701,89.821,2.79,0.00,32,0,653328,776690,0,776690,776690,216301,0,432,88.25,2661.97
1770240048.711,90.831,2.87,0.00,32,0,659360,782931,0,782931,782931,219109,0,434,96.65,2781.40
1770240049.719,91.839,2.74,0.00,32,0,668304,794547,0,794547,792502,221327,0,440,77.00,2200.02
1770240050.727,92.847,2.67,0.00,32,0,683744,811385,0,811385,808406,223738,0,445,91.70,2391.96
1770240051.735,93.854,2.57,0.00,31,0,689616,818915,0,818915,818915,226086,0,451,77.98,2330.16
1770240052.743,94.862,2.65,0.00,32,0,700640,830534,0,830534,830534,228664,0,454,94.88,2557.72
1770240053.752,95.872,2.68,0.00,32,0,701984,833247,0,833247,833247,231179,0,458,49.54,2490.93
1770240054.762,96.881,2.54,0.00,32,0,708336,840859,0,840859,840859,233918,0,461,83.45,2713.50
1770240055.774,97.894,2.42,0.00,31,0,727088,860595,0,860595,860595,236197,0,468,95.01,2250.60
1770240056.785,98.905,2.50,0.00,32,0,732016,865841,0,865841,865841,239001,0,470,93.94,2773.19
1770240057.794,99.913,2.58,0.00,32,0,740656,875257,0,875257,875257,241512,0,475,91.76,2490.41
1770240058.804,100.924,2.44,0.00,31,0,750640,887217,0,887217,887217,243951,0,483,83.48,2413.17
1770240059.813,101.933,2.38,0.00,31,0,759648,896917,0,896917,896917,246586,0,488,92.87,2611.17
1770240060.821,102.941,2.46,0.00,32,0,770528,909162,0,909162,909162,249060,0,492,88.85,2454.39
1770240061.830,103.950,2.43,0.00,31,0,777328,916159,0,916159,916159,251992,0,495,97.18,2906.82
1770240062.840,104.960,2.45,0.00,31,0,779584,920151,0,920151,920151,254471,0,500,56.51,2453.54
1770240063.856,105.975,2.43,0.00,31,0,793056,935025,0,935025,935025,256941,0,506,90.57,2433.29
1770240064.865,106.984,2.56,0.00,31,0,798384,940441,0,940441,940441,259910,0,508,98.38,2942.43
1770240065.873,107.993,2.63,0.00,32,0,806976,949715,0,949715,949715,262456,0,511,92.65,2523.86
1770240066.881,109.001,2.71,0.00,32,0,812976,956171,0,956171,953890,265166,0,514,92.94,2688.89
1770240067.889,110.009,2.40,0.00,29,0,816816,963075,0,963075,962284,267542,0,522,55.62,2357.74
1770240068.896,111.016,2.45,0.00,32,0,840304,988135,0,988135,985623,269594,0,528,93.73,2036.66
1770240069.905,112.025,2.52,0.00,32,0,852288,1002887,0,1002887,1002887,272135,0,533,81.24,2518.72
1770240070.914,113.034,2.49,0.00,32,0,859376,1011643,0,1011643,1006806,274805,0,538,80.95,2647.06
1770240071.922,114.042,2.38,0.00,31,0,865984,1018717,0,1018717,1018670,277252,0,544,93.41,2427.99
1770240072.930,115.050,2.42,0.00,32,0,867888,1024687,0,1024687,1024687,279897,0,547,31.89,2623.96
1770240073.938,116.058,2.49,0.00,32,0,877120,1034436,0,1034436,1034436,282213,0,553,94.70,2297.63
1770240074.946,117.066,2.57,0.00,32,0,884352,1041725,0,1041725,1036543,285213,0,555,99.22,2975.74
1770240075.954,118.074,2.66,0.00,32,0,897424,1056468,0,1056468,1056468,287299,0,563,88.67,2068.39
1770240076.965,119.085,2.76,0.00,32,0,916080,1076446,0,1076446,1076446,289648,0,568,93.38,2324.25
1770240077.972,120.092,2.75,0.00,32,0,928704,1090496,0,1090496,1090496,291735,0,575,89.85,2071.99
1770240078.980,121.100,2.83,0.00,32,0,933056,1095119,0,1095119,1095119,294543,0,577,94.14,2787.01
1770240079.990,122.110,2.70,0.00,32,0,933168,1096716,0,1096716,1096716,297058,0,581,7.01,2490.58
1770240080.997,123.117,2.58,0.00,32,0,940272,1105604,0,1105604,1105604,299473,0,586,79.93,2396.61
1770240082.006,124.126,2.35,0.00,32,0,946016,1113029,0,1113029,1113029,301786,0,592,77.36,2293.59
1770240083.014,125.134,2.31,0.00,32,0,953024,1120411,0,1120411,1120411,304428,0,596,94.93,2621.39
1770240084.025,126.145,2.30,0.00,32,0,954912,1124236,0,1124236,1124236,307103,0,600,49.36,2644.63
1770240085.035,127.154,2.37,0.00,32,0,976448,1146389,0,1146389,1146389,309419,0,606,97.21,2294.40
1770240086.044,128.164,2.46,0.00,32,0,988016,1158555,0,1158555,1154909,312218,0,610,95.08,2773.74
1770240087.052,129.172,2.50,0.00,31,0,989984,1161621,0,1161621,1161621,315025,0,613,64.19,2784.30
1770240088.060,130.180,2.54,0.00,32,0,995424,1167358,0,1167358,1165553,317828,0,616,94.82,2779.84
1770240089.069,131.188,2.61,0.00,32,0,1005600,1177788,0,1177788,1177788,320245,0,620,97.56,2397.03
1770240090.077,132.197,2.61,0.00,31,0,1015328,1188676,0,1188676,1188676,322883,0,625,89.35,2615.03
1770240091.085,133.205,2.51,0.00,32,0,1024160,1199686,0,1199686,1198721,325261,0,630,80.22,2360.55
1770240092.092,134.212,2.40,0.00,32,0,1031568,1209099,0,1209099,1207685,327708,0,635,78.70,2428.09
1770240093.101,135.221,2.47,0.00,32,0,1041552,1219503,0,1219503,1219503,330255,0,639,95.96,2525.97
1770240094.109,136.229,2.52,0.00,32,0,1043584,1222022,0,1222022,1222022,333192,0,641,80.67,2913.69
1770240095.117,137.237,2.55,0.00,31,0,1045456,1224542,0,1224542,1224542,336160,0,644,74.29,2943.39
1770240096.125,138.245,2.46,0.00,32,0,1054368,1235857,0,1235857,1233662,338537,0,649,78.76,2359.31
1770240097.134,139.254,2.19,0.00,32,0,1058064,1242289,0,1242289,1242289,341305,0,653,57.46,2741.74
1770240098.144,140.263,2.17,0.00,32,0,1060464,1245659,0,1245659,1245659,344275,0,655,71.22,2942.75
1770240099.152,141.272,2.17,0.00,32,0,1068928,1255761,0,1255761,1251392,346429,0,662,83.79,2136.31
1770240100.161,142.281,2.16,0.00,32,0,1075408,1262736,0,1262736,1262736,349071,0,666,92.90,2617.90
1770240101.171,143.291,2.23,0.00,32,0,1079952,1267363,0,1267363,1267363,351877,0,669,98.21,2778.21
1770240102.179,144.299,2.33,0.00,32,0,1085232,1273750,0,1273750,1273750,354683,0,672,82.67,2783.66
1770240103.187,145.307,2.38,0.00,32,0,1098704,1288707,0,1288707,1287883,357127,0,678,90.07,2424.70
1770240104.196,146.316,2.45,0.00,32,0,1105904,1296549,0,1296549,1296549,359509,0,683,91.81,2361.44
1770240105.205,147.325,2.25,0.00,31,0,1119312,1312565,0,1312565,1312565,361819,0,690,83.72,2287.94
1770240106.214,148.334,2.38,0.00,32,0,1125424,1319217,0,1319217,1319217,364626,0,692,91.88,2783.65
1770240107.224,149.344,2.25,0.00,31,0,1129168,1323276,0,1323276,1323276,367461,0,696,92.24,2805.92
1770240108.233,150.353,2.25,0.00,32,0,1138864,1334641,0,1334641,1334641,369809,0,701,85.31,2327.08
1770240109.243,151.363,2.33,0.00,32,0,1141584,1337980,0,1337980,1337980,372452,0,705,81.46,2615.98
1770240110.251,152.371,2.42,0.00,32,0,1151552,1349344,0,1349344,1349344,375256,0,708,87.72,2781.49
1770240111.260,153.380,2.30,0.00,31,0,1159920,1359315,0,1359315,1359315,377765,0,714,83.92,2488.03
1770240112.268,154.388,2.50,0.00,31,0,1164304,1363752,0,1363752,1363752,380900,0,715,98.81,3109.67
1770240113.278,155.398,2.44,0.00,32,0,1174624,1375230,0,1375230,1375230,383381,0,719,89.91,2456.70
1770240114.286,156.406,2.52,0.00,32,0,1176656,1377302,0,1377302,1377302,386481,0,720,98.07,3076.07
1770240115.296,157.416,2.59,0.00,31,0,1192848,1393780,0,1393780,1393780,388955,0,726,98.26,2449.42
1770240116.304,158.424,2.55,0.00,32,0,1201952,1403814,0,1403814,1403814,391338,0,730,90.73,2363.00
1770240117.311,159.431,2.43,0.00,32,0,1212192,1414546,0,1414546,1414546,393978,0,734,95.42,2621.30
1770240118.320,160.440,2.54,0.00,32,0,1227136,1431107,0,1431107,1424777,396774,0,739,90.24,2773.00
1770240119.328,161.448,2.41,0.00,32,0,1231392,1435519,0,1435519,1435519,399583,0,741,96.46,2786.46
1770240120.338,162.457,2.52,0.00,32,0,1244320,1450227,0,1450227,1450227,402090,0,747,87.90,2482.58
1770240121.372,163.492,2.58,0.00,31,0,1256880,1463657,0,1463657,1462412,404402,0,755,93.52,2234.82
1770240122.383,164.503,2.43,0.00,32,0,1259680,1468043,0,1468043,1468043,407144,0,757,63.84,2713.09
1770240123.392,165.512,2.50,0.00,31,0,1268496,1477252,0,1477252,1477252,409654,0,763,95.73,2486.11
1770240124.401,166.521,2.52,0.00,32,0,1277920,1488653,0,1488653,1488653,412069,0,767,82.66,2394.95
1770240125.408,167.528,2.60,0.00,31,0,1282592,1493381,0,1493381,1493381,415038,0,770,98.82,2946.68
1770240126.416,168.536,2.43,0.00,32,0,1284512,1496217,0,1496217,1494940,417741,0,774,67.70,2682.61
1770240127.425,169.545,2.36,0.00,32,0,1284608,1497870,0,1497870,1497870,420646,0,776,5.81,2879.26
1770240128.434,170.554,2.44,0.00,32,0,1292368,1506335,0,1506335,1506335,423288,0,780,91.67,2617.24
1770240129.443,171.563,2.52,0.00,32,0,1303808,1518254,0,1518254,1518254,425766,0,785,95.98,2456.81
1770240130.453,172.573,2.61,0.00,32,0,1309456,1524905,0,1524905,1524905,428375,0,789,84.92,2583.30
1770240131.462,173.582,2.53,0.00,31,0,1322880,1538873,0,1538873,1538835,430721,0,796,96.11,2324.38
1770240132.469,174.589,2.51,0.00,32,0,1331696,1551654,0,1551654,1551654,432747,0,802,68.98,2011.68
1770240133.476,175.596,2.24,0.00,32,0,1333136,1554370,0,1554370,1554263,435357,0,806,53.02,2592.05
1770240134.485,176.605,2.28,0.00,32,0,1335056,1556760,0,1556760,1556760,438327,0,808,80.33,2942.86
1770240135.494,177.614,2.37,0.00,32,0,1344624,1567105,0,1567105,1567105,440773,0,813,92.49,2425.85
1770240136.502,178.621,2.46,0.00,32,0,1354016,1577268,0,1577268,1577268,443576,0,816,92.41,2781.40
1770240137.509,179.629,2.53,0.00,32,0,1357680,1581292,0,1581292,1581292,446219,0,820,91.05,2623.43
1770240138.517,180.637,2.44,0.00,31,0,1364448,1588572,0,1588572,1588226,448859,0,825,92.97,2619.65
1770240139.525,181.645,2.52,0.00,32,0,1370592,1595781,0,1595781,1595781,451439,0,828,85.23,2559.38
1770240140.533,182.653,2.60,0.00,32,0,1373264,1598726,0,1598726,1598726,454377,0,830,90.73,2913.88
1770240141.541,183.661,2.56,0.00,32,0,1394816,1620953,0,1620953,1616620,456489,0,838,96.96,2094.49
1770240142.552,184.672,2.64,0.00,32,0,1402240,1628795,0,1628795,1628795,459230,0,841,94.67,2712.72
1770240143.562,185.682,2.68,0.00,32,0,1410320,1638193,0,1638193,1638193,461742,0,845,85.98,2487.33
1770240144.572,186.691,2.73,0.00,32,0,1421072,1651972,0,1651972,1651972,464059,0,850,78.03,2294.49
1770240145.580,187.700,2.79,0.00,32,0,1430896,1663781,0,1663781,1663781,466440,0,855,83.19,2361.25
1770240146.588,188.708,2.81,0.00,32,0,1443456,1677243,0,1677243,1677243,468949,0,860,93.30,2488.33
1770240147.596,189.716,2.88,0.00,31,0,1444992,1678813,0,1678813,1678813,471921,0,862,97.83,2949.00
1770240148.604,190.724,2.96,0.00,32,0,1458784,1693175,0,1693175,1693175,474302,0,866,96.03,2361.48
1770240149.614,191.734,3.04,0.00,32,0,1472672,1707646,0,1707646,1707646,476946,0,869,95.97,2617.89
1770240150.623,192.742,3.12,0.00,32,0,1475168,1710514,0,1710514,1710514,479787,0,871,87.03,2817.74
1770240151.632,193.752,3.20,0.00,32,0,1481104,1716615,0,1716615,1716615,482627,0,873,97.30,2814.19
1770240152.645,194.765,3.18,0.00,32,0,1486128,1722081,0,1722081,1722081,485306,0,876,91.91,2644.44
1770240153.653,195.773,3.25,0.00,32,0,1504496,1741116,0,1741116,1741116,487850,0,880,96.50,2523.08
1770240154.661,196.781,3.21,0.00,32,0,1509600,1747090,0,1747090,1743096,490655,0,883,85.44,2782.15
1770240155.670,197.790,3.28,0.00,32,0,1524512,1762268,0,1762268,1762268,493038,0,887,98.25,2363.15
1770240156.679,198.799,3.36,0.00,32,0,1529648,1767424,0,1767424,1767424,496041,0,888,99.61,2976.23
1770240157.689,199.809,3.25,0.00,32,0,1534800,1773368,0,1773368,1773368,498683,0,891,86.68,2614.37
1770240158.700,200.820,3.35,0.00,32,0,1543632,1783394,0,1783394,1783394,501357,0,894,88.09,2645.92
1770240159.709,201.828,3.33,0.00,32,0,1550720,1791280,0,1791280,1791280,503901,0,898,89.88,2522.14
1770240160.720,202.840,3.25,0.00,32,0,1557552,1798233,0,1798233,1798233,506480,0,901,98.26,2549.82
1770240161.729,203.849,3.23,0.00,32,0,1558256,1799663,0,1799663,1799663,509321,0,903,49.23,2816.09
1770240162.737,204.857,3.17,0.00,32,0,1567568,1809503,0,1809503,1809503,511963,0,906,94.63,2619.91
1770240163.746,205.865,3.11,0.00,32,0,1573376,1816391,0,1816391,1810617,514540,0,910,84.32,2555.80
1770240164.754,206.874,3.18,0.00,32,0,1579632,1823585,0,1823585,1823585,517185,0,913,86.96,2623.32
1770240165.765,207.885,3.26,0.00,32,0,1585280,1829578,0,1829578,1829048,519958,0,916,94.24,2742.06
1770240166.775,208.894,3.04,0.00,31,0,1605168,1850591,0,1850591,1850591,521882,0,924,94.65,1905.95
1770240167.785,209.905,3.11,0.00,32,0,1615024,1862511,0,1862511,1862511,523975,0,930,82.68,2071.53
1770240168.796,210.916,3.16,0.00,32,0,1626624,1875319,0,1875319,1875319,526358,0,935,90.57,2356.20
1770240169.805,211.924,3.27,0.00,32,0,1642368,1893166,0,1893166,1889209,528570,0,942,88.22,2193.83
1770240170.813,212.933,3.30,0.00,32,0,1648704,1901014,0,1901014,1901014,531086,0,945,80.73,2495.44
1770240171.821,213.941,3.31,0.00,32,0,1662256,1916640,0,1916640,1915346,533463,0,951,86.73,2358.16
1770240172.832,214.952,3.29,0.00,31,0,1674400,1930402,0,1930402,1929256,535357,0,960,88.24,1872.24
1770240173.841,215.961,3.23,0.00,32,0,1677040,1933969,0,1933969,1933969,537777,0,963,74.01,2400.04
1770240174.849,216.969,3.06,0.00,32,0,1677184,1934153,0,1934153,1934153,540617,0,965,78.26,2816.84
1770240175.861,217.981,3.13,0.00,32,0,1692880,1950398,0,1950398,1950398,542998,0,970,96.62,2353.24
1770240176.870,218.990,3.21,0.00,32,0,1705120,1963255,0,1963255,1963255,545509,0,974,95.20,2487.13
1770240177.879,219.999,3.29,0.00,32,0,1726128,1985666,0,1985666,1978420,547789,0,980,93.74,2260.87
1770240178.888,221.007,3.38,0.00,32,0,1731888,1992715,0,1992715,1992715,550239,0,984,81.71,2428.94
1770240179.895,222.015,3.11,0.00,32,0,1738960,2001760,0,2001760,2001760,552327,0,991,78.19,2071.55
1770240180.903,223.023,3.26,0.00,32,0,1758672,2025207,0,2025207,2025207,554510,0,997,84.07,2167.10
1770240181.911,224.031,3.19,0.00,32,0,1760032,2027081,0,2027081,2027081,557188,0,1000,72.57,2657.05
1770240182.918,225.038,3.12,0.00,31,0,1760320,2027420,0,2027420,2027420,560127,0,1002,84.96,2916.67
1770240183.927,226.047,3.26,0.00,32,0,1783248,2051552,0,2051552,2043610,562407,0,1007,95.01,2260.67
1770240184.936,227.056,3.28,0.00,32,0,1792512,2062465,0,2062465,2062465,564887,0,1011,84.89,2456.54
1770240185.946,228.065,3.35,0.00,32,0,1808144,2078636,0,2078636,2078636,567268,0,1016,96.67,2359.45
1770240186.961,229.081,3.37,0.00,31,0,1813376,2084318,0,2084318,2084318,569815,0,1021,92.08,2509.17
1770240187.972,230.092,3.45,0.00,32,0,1824208,2095432,0,2095432,2095432,572359,0,1024,97.46,2515.75
1770240188.982,231.102,3.52,0.00,32,0,1837520,2109167,0,2109167,2109167,574871,0,1028,96.92,2486.16
1770240189.993,232.113,3.60,0.00,32,0,1839600,2111491,0,2111491,2111491,577649,0,1030,89.50,2748.95
1770240191.005,233.125,3.61,0.00,32,0,1841248,2113989,0,2113989,2113989,580361,0,1032,65.97,2679.68
1770240192.013,234.133,3.61,0.00,32,0,1845152,2118949,0,2118949,2116280,583008,0,1035,78.71,2625.09
1770240193.022,235.142,3.69,0.00,32,0,1858672,2133615,0,2133615,2128518,585294,0,1040,92.19,2265.77
1770240194.032,236.152,3.68,0.00,32,0,1861984,2137450,0,2137450,2137450,587748,0,1043,86.36,2430.87
1770240195.040,237.160,3.57,0.00,32,0,1866736,2142599,0,2142599,2142545,590259,0,1048,92.29,2490.99
1770240196.048,238.168,3.34,0.00,31,0,1872976,2149380,0,2149380,2149380,592710,0,1052,92.02,2431.37
1770240197.060,239.180,3.67,0.00,31,0,1888816,2165958,0,2165958,2165958,595258,0,1055,95.55,2517.72
1770240198.068,240.188,3.76,0.00,32,0,1896784,2174688,0,2174688,2174688,597808,0,1057,91.27,2530.17
1770240199.076,241.196,3.71,0.00,32,0,1896832,2176386,0,2176386,2176386,600489,0,1059,2.83,2659.24
1770240200.084,242.204,3.79,0.00,32,0,1905168,2185713,0,2185713,2185713,602614,0,1065,89.37,2108.04
1770240201.092,243.212,3.48,0.00,32,0,1913200,2195769,0,2195769,2195769,605030,0,1069,79.87,2397.27
1770240202.104,244.223,3.41,0.00,32,0,1919840,2203263,0,2203263,2203263,607705,0,1072,88.60,2643.69
1770240203.117,245.237,3.45,0.00,31,0,1926832,2211251,0,2211251,2211116,610088,0,1078,87.53,2351.90
1770240204.129,246.249,3.33,0.00,32,0,1934608,2219683,0,2219683,2219683,612798,0,1080,92.22,2677.42
1770240205.141,247.261,3.41,0.00,30,0,1941776,2227723,0,2227723,2227723,615282,0,1086,89.15,2454.34
1770240206.151,248.271,3.32,0.00,32,0,1954480,2243539,0,2243539,2242133,617432,0,1091,80.32,2129.45
1770240207.162,249.282,3.32,0.00,32,0,1961072,2251598,0,2251598,2251598,619912,0,1096,81.80,2452.69
1770240208.171,250.291,3.33,0.00,32,0,1968656,2259454,0,2259454,2259454,622589,0,1100,96.54,2652.92
1770240209.178,251.298,3.40,0.00,32,0,1973840,2265072,0,2265072,2265072,625135,0,1104,92.27,2527.45
1770240210.186,252.306,2.88,0.00,32,0,1981376,2273695,0,2273695,2273411,627350,0,1111,87.39,2197.45
1770240211.196,253.316,2.95,0.00,32,0,1986352,2278985,0,2278985,2278985,629899,0,1114,94.06,2523.78
1770240212.206,254.326,2.80,0.00,32,0,1991280,2284310,0,2284310,2280533,632413,0,1118,92.54,2490.35
1770240213.214,255.334,2.78,0.00,32,0,1992864,2286066,0,2286066,2286066,635255,0,1120,90.21,2817.55
1770240214.223,256.343,2.87,0.00,32,0,1999120,2293456,0,2293456,2293456,637607,0,1125,84.65,2331.41
1770240215.231,257.351,2.84,0.00,32,0,2006240,2302650,0,2302650,2302650,640283,0,1128,77.44,2654.58
1770240216.241,258.360,2.76,0.00,32,0,2014416,2312274,0,2312274,2312274,642664,0,1133,84.95,2359.05
1770240217.252,259.372,2.84,0.00,32,0,2024912,2323248,0,2323248,2323248,645340,0,1136,95.64,2645.16
1770240218.260,260.380,2.79,0.00,32,0,2030416,2329897,0,2329897,2329897,647724,0,1141,82.78,2364.64
1770240219.268,261.388,2.87,0.00,32,0,2038992,2339285,0,2339285,2339107,650398,0,1145,91.35,2653.91
1770240220.277,262.397,2.48,0.00,32,0,2045040,2346941,0,2346941,2345745,652679,0,1152,79.00,2260.68
1770240221.287,263.407,2.60,0.00,32,0,2068272,2372966,0,2372966,2372966,654727,0,1160,89.27,2028.09
1770240222.297,264.417,2.60,0.00,32,0,2069472,2374426,0,2374426,2374426,657501,0,1163,82.19,2746.25
1770240223.309,265.428,2.73,0.00,32,0,2076704,2384368,0,2384368,2384368,659887,0,1168,72.74,2358.53
1770240224.316,266.436,2.28,0.00,32,0,2085680,2397298,0,2397298,2397298,661974,0,1175,69.42,2070.63
1770240225.325,267.445,2.36,0.00,32,0,2091376,2403473,0,2403473,2403473,664780,0,1178,92.24,2783.04
1770240226.333,268.453,2.45,0.00,32,0,2092048,2404644,0,2404644,2404644,667913,0,1179,57.39,3106.61
1770240227.342,269.462,2.49,0.00,32,0,2097536,2410691,0,2410691,2410691,670717,0,1182,90.76,2779.64
1770240228.350,270.470,2.50,0.00,32,0,2100288,2413736,0,2413736,2413736,673685,0,1184,90.38,2944.17
1770240229.358,271.478,2.48,0.00,32,0,2104832,2419788,0,2419788,2419788,676326,0,1188,75.08,2620.63
1770240230.366,272.486,2.44,0.00,31,0,2108688,2423830,0,2423830,2423830,679292,0,1191,95.40,2942.07
1770240231.376,273.496,2.36,0.00,32,0,2120960,2437055,0,2437055,2437055,681151,0,1199,92.79,1841.08
1770240232.384,274.504,2.37,0.00,32,0,2121568,2439788,0,2439788,2439788,683956,0,1202,22.25,2780.82
1770240233.396,275.516,2.38,0.00,31,0,2124944,2444166,0,2444166,2444166,686760,0,1206,77.11,2771.87
1770240234.406,276.526,2.39,0.00,32,0,2135760,2457026,0,2457026,2457026,689400,0,1209,84.11,2613.55
1770240235.415,277.535,2.47,0.00,32,0,2144848,2466810,0,2466810,2466810,692041,0,1213,92.89,2618.36
1770240236.425,278.544,2.34,0.00,31,0,2151024,2473814,0,2473814,2473814,694551,0,1219,88.18,2485.62
1770240237.433,279.553,2.38,0.00,32,0,2159568,2484820,0,2484820,2481706,696509,0,1227,77.63,1941.52
1770240238.442,280.562,2.27,0.00,32,0,2167216,2492578,0,2492578,2492578,699086,0,1231,98.58,2554.74
1770240239.450,281.570,2.29,0.00,32,0,2178352,2506676,0,2506676,2504793,701138,0,1239,78.99,2034.43
1770240240.459,282.579,2.19,0.00,32,0,2180112,2510074,0,2510074,2510074,704070,0,1242,51.80,2907.28
1770240241.467,283.587,2.26,0.00,32,0,2188928,2519167,0,2519167,2519167,706550,0,1247,96.95,2459.95
1770240242.476,284.596,2.22,0.00,30,0,2193120,2523491,0,2523491,2523491,709223,0,1253,96.95,2648.07
1770240243.487,285.607,2.38,0.00,32,0,2208480,2539843,0,2539843,2539843,711571,0,1258,93.93,2323.88
1770240244.498,286.618,2.45,0.00,32,0,2220560,2552098,0,2552098,2552098,714211,0,1262,98.57,2611.36
1770240245.527,287.647,2.38,0.00,31,0,2233344,2566198,0,2566198,2565312,716651,0,1270,90.67,2371.42
1770240246.535,288.655,2.26,0.00,32,0,2236048,2569954,0,2569954,2569547,719229,0,1273,71.99,2557.15
1770240247.544,289.664,2.27,0.00,32,0,2244800,2579494,0,2579494,2579494,721806,0,1277,91.74,2554.18
1770240248.554,290.673,2.25,0.00,32,0,2251504,2588271,0,2588271,2588271,724116,0,1284,76.38,2287.63
1770240249.562,291.681,2.25,0.00,32,0,2256784,2595230,0,2595230,2595230,726594,0,1289,75.87,2458.35
1770240250.571,292.691,2.33,0.00,32,0,2264304,2602814,0,2602814,2602814,729561,0,1291,99.16,2938.95
1770240251.580,293.700,2.07,0.00,31,0,2270192,2613637,0,2613637,2611143,731866,0,1300,54.40,2284.70
1770240252.589,294.709,2.12,0.00,32,0,2275184,2620091,0,2620091,2620091,734348,0,1303,77.35,2458.90
1770240253.598,295.718,2.21,0.00,32,0,2277392,2622823,0,2622823,2622823,737317,0,1305,80.82,2942.80
1770240254.612,296.731,2.21,0.00,32,0,2290736,2636925,0,2636925,2634450,740016,0,1310,94.62,2663.67
1770240255.621,297.741,2.16,0.00,32,0,2297264,2644159,0,2644159,2643990,742329,0,1316,90.24,2291.28
1770240256.630,298.750,2.24,0.00,32,0,2309424,2657257,0,2657257,2653922,744803,0,1322,92.84,2452.21
1770240257.639,299.759,2.28,0.00,32,0,2318704,2666994,0,2666994,2661730,747376,0,1327,95.31,2550.24
1770240258.651,300.771,2.29,0.00,31,0,2328592,2677655,0,2677655,2677655,749625,0,1334,92.75,2222.73
1770240259.659,301.779,2.34,0.00,32,0,2337568,2688222,0,2688222,2686077,752134,0,1339,84.94,2487.86
1770240260.672,302.792,2.27,0.00,30,0,2339952,2690893,0,2690893,2690893,754808,0,1344,89.25,2640.03
1770240261.680,303.800,2.43,0.00,32,0,2348896,2700479,0,2700479,2700443,757386,0,1347,93.30,2557.88
1770240262.692,304.812,2.49,0.00,32,0,2362464,2714439,0,2714439,2714439,759636,0,1353,97.19,2223.44
1770240263.701,305.821,2.56,0.00,31,0,2366800,2719251,0,2719251,2719251,762017,0,1360,90.11,2359.78
1770240264.709,306.829,2.65,0.00,32,0,2378656,2734149,0,2734149,2734149,764265,0,1366,79.58,2229.93
1770240265.716,307.836,2.66,0.00,31,0,2385136,2742502,0,2742502,2742502,766481,0,1374,77.58,2200.01
1770240266.725,308.845,2.76,0.00,32,0,2392096,2751096,0,2751096,2750888,768733,0,1379,80.99,2233.10
1770240267.732,309.851,2.84,0.00,32,0,2395536,2757585,0,2757585,2757585,771315,0,1382,53.01,2564.34
1770240268.741,310.861,2.93,0.00,32,0,2408416,2771307,0,2771307,2771307,773991,0,1385,93.86,2649.94
1770240269.750,311.870,2.94,0.00,32,0,2418992,2782754,0,2782754,2782754,776373,0,1390,92.39,2360.79
1770240270.758,312.877,2.80,0.00,32,0,2426912,2792136,0,2792136,2791879,778851,0,1395,84.42,2460.49
1770240271.767,313.886,2.89,0.00,32,0,2433872,2799856,0,2799856,2799856,781530,0,1397,90.16,2654.86
1770240272.776,314.895,2.89,0.00,31,0,2441616,2809766,0,2809766,2805775,784361,0,1401,78.14,2805.74
1770240273.784,315.903,2.74,0.00,32,0,2451536,2820323,0,2820323,2818377,786617,0,1405,93.97,2238.24
1770240274.794,316.914,2.85,0.00,32,0,2458688,2828958,0,2828958,2828958,789264,0,1408,82.83,2619.66
1770240275.803,317.923,2.94,0.00,32,0,2465392,2836918,0,2836918,2836918,791939,0,1411,84.22,2650.83
1770240276.815,318.935,3.01,0.00,32,0,2471984,2843833,0,2843833,2843833,794485,0,1415,95.33,2514.87
1770240277.824,319.944,3.09,0.00,32,0,2478320,2850256,0,2850256,2846413,797389,0,1417,98.65,2878.89
1770240278.834,320.953,3.16,0.00,32,0,2485856,2858078,0,2858078,2858078,800001,0,1420,96.34,2587.83
1770240279.844,321.963,3.19,0.00,32,0,2487552,2862275,0,2862275,2862275,802679,0,1423,40.41,2651.58
1770240280.853,322.973,3.10,0.00,32,0,2500656,2875866,0,2875866,2875749,805347,0,1427,96.42,2642.96
1770240281.862,323.981,3.18,0.00,32,0,2506832,2882467,0,2882467,2882467,808058,0,1429,93.56,2687.90
1770240282.871,324.991,3.19,0.00,32,0,2509888,2885862,0,2885862,2885862,810866,0,1431,90.01,2781.56
1770240283.880,326.000,3.27,0.00,32,0,2517024,2893428,0,2893428,2891626,813702,0,1434,94.32,2811.19
1770240284.889,327.009,3.19,0.00,31,0,2525888,2904226,0,2904226,2901346,816048,0,1440,82.09,2324.33
1770240285.900,328.020,3.42,0.00,31,0,2537984,2916876,0,2916876,2916876,818596,0,1443,95.62,2521.15
1770240286.908,329.028,3.17,0.00,31,0,2550320,2929891,0,2929891,2929891,820972,0,1448,94.78,2356.11
1770240287.917,330.037,3.08,0.00,32,0,2556816,2937037,0,2937037,2937037,823357,0,1452,90.90,2364.92
1770240288.924,331.044,2.75,0.00,31,0,2560336,2941795,0,2941795,2941227,825964,0,1457,73.98,2587.45
1770240289.933,332.052,2.87,0.00,32,0,2576352,2960687,0,2960687,2960687,827983,0,1463,84.78,2002.61
1770240290.943,333.063,2.96,0.00,32,0,2580784,2965821,0,2965821,2963158,830788,0,1466,86.33,2776.05
1770240291.950,334.070,3.00,0.00,32,0,2584912,2972150,0,2972150,2972150,833333,0,1470,65.22,2526.70
1770240292.961,335.081,2.90,0.00,32,0,2587696,2975761,0,2975761,2975761,836172,0,1472,77.10,2809.08
1770240293.970,336.090,2.90,0.00,32,0,2598304,2987877,0,2987877,2987877,838619,0,1476,87.55,2425.64
1770240294.979,337.099,2.97,0.00,32,0,2610944,3001248,0,3001248,3000558,841095,0,1481,94.53,2453.49
1770240295.991,338.111,3.04,0.00,32,0,2617536,3007937,0,3007937,3007937,843707,0,1484,98.55,2579.78
1770240297.002,339.122,2.95,0.00,32,0,2620208,3011106,0,3011106,3011106,846547,0,1486,84.32,2810.48
1770240298.009,340.129,2.91,0.00,32,0,2622144,3014486,0,3014486,3014486,849225,0,1489,57.28,2658.71
1770240299.018,341.138,2.87,0.00,32,0,2633680,3027760,0,3027760,3027760,851573,0,1494,86.91,2328.14
1770240300.026,342.146,2.81,0.00,32,0,2642560,3038868,0,3038868,3038868,854085,0,1498,79.94,2491.54
1770240301.034,343.154,2.89,0.00,32,0,2649568,3046320,0,3046320,3046320,856763,0,1501,94.04,2656.53
1770240302.043,344.163,2.89,0.00,32,0,2652672,3051775,0,3051775,3051775,859278,0,1505,56.90,2492.61
1770240303.052,345.172,2.62,0.00,32,0,2655312,3055494,0,3055494,3055494,861498,0,1511,70.99,2200.71
1770240304.060,346.180,2.58,0.00,31,0,2660416,3062658,0,3062658,3062658,864040,0,1516,71.25,2520.48
1770240305.069,347.189,2.54,0.00,32,0,2670880,3074931,0,3074931,3074849,866325,0,1521,85.26,2265.81
1770240306.078,348.198,2.63,0.00,32,0,2676960,3083292,0,3083292,3083292,868806,0,1525,72.72,2458.87
1770240307.086,349.206,2.70,0.00,32,0,2685792,3092564,0,3092564,3092564,871320,0,1529,95.25,2492.40
1770240308.093,350.213,2.71,0.00,32,0,2689120,3096364,0,3096364,3096364,873867,0,1533,87.58,2529.02
1770240309.103,351.223,2.79,0.00,32,0,2696352,3105660,0,3105660,3105660,876416,0,1536,77.80,2524.94
1770240310.113,352.233,2.87,0.00,32,0,2700096,3109887,0,3109887,3109887,878963,0,1540,88.57,2522.28
1770240311.120,353.240,2.95,0.00,32,0,2705040,3115200,0,3115200,3115200,881642,0,1543,93.05,2658.92
1770240312.133,354.253,3.02,0.00,32,0,2717280,3128196,0,3128196,3128196,884024,0,1548,94.18,2353.01
1770240313.142,355.262,3.10,0.00,32,0,2725936,3137364,0,3137364,3135415,886570,0,1552,94.42,2522.76
1770240314.152,356.271,3.20,0.00,32,0,2731696,3144549,0,3144549,3144549,889086,0,1556,80.17,2491.77
1770240315.161,357.281,3.22,0.00,31,0,2741232,3154177,0,3154177,3154177,891792,0,1560,99.04,2679.80
1770240316.171,358.291,3.28,0.00,32,0,2761712,3176138,0,3176138,3176138,893718,0,1567,93.26,1908.12
1770240317.179,359.299,3.36,0.00,32,0,2764800,3179264,0,3179264,3179264,896722,0,1568,98.78,2979.31
1770240318.188,360.307,3.04,0.00,32,0,2775232,3191361,0,3191361,3191221,898806,0,1576,86.24,2066.45
1770240319.197,361.317,3.08,0.00,32,0,2782912,3200302,0,3200302,3200302,901316,0,1581,85.90,2486.20
1770240320.207,362.327,3.16,0.00,32,0,2798208,3215870,0,3215870,3215870,904152,0,1583,98.25,2808.19
1770240321.216,363.336,2.77,0.00,32,0,2798800,3217271,0,3217271,3217271,906665,0,1587,42.26,2490.60
1770240322.225,364.345,2.86,0.00,32,0,2810064,3229851,0,3229851,3229851,908885,0,1593,89.54,2200.60
1770240323.233,365.353,2.88,0.00,32,0,2820368,3241975,0,3241975,3240700,911232,0,1599,84.99,2327.90
1770240324.242,366.362,2.85,0.00,32,0,2825248,3247795,0,3247795,3247795,913487,0,1604,83.85,2235.61
1770240325.253,367.373,2.85,0.00,31,0,2825632,3248857,0,3248857,3248857,916328,0,1607,36.16,2809.12
1770240326.262,368.382,2.93,0.00,32,0,2842960,3266958,0,3266958,3266958,918548,0,1612,95.73,2200.36
1770240327.280,369.400,3.02,0.00,31,0,2849520,3274499,0,3274499,3274499,921061,0,1617,86.99,2467.76
1770240328.289,370.408,2.79,0.00,32,0,2859728,3287589,0,3287589,3287589,923342,0,1622,77.98,2262.25
1770240329.298,371.418,2.75,0.00,32,0,2860736,3289709,0,3289709,3289592,926148,0,1625,47.55,2779.47
1770240330.306,372.426,2.79,0.00,32,0,2863520,3293215,0,3293215,3293215,928698,0,1628,79.41,2529.39
1770240331.315,373.435,2.82,0.00,31,0,2870576,3302299,0,3302299,3302299,931243,0,1633,77.68,2523.46
1770240332.322,374.442,2.78,0.00,32,0,2878800,3311621,0,3311621,3309732,933658,0,1637,88.22,2397.68
1770240333.330,375.450,2.88,0.00,32,0,2887024,3321616,0,3321616,3320384,935979,0,1642,82.28,2303.12
1770240334.341,376.461,2.74,0.00,31,0,2887040,3322289,0,3322289,3322289,938948,0,1644,2.38,2936.78
1770240335.349,377.469,2.83,0.00,31,0,2897152,3332803,0,3332803,3326479,941656,0,1647,96.18,2686.16
1770240336.359,378.479,2.96,0.00,32,0,2910784,3348860,0,3348860,3344502,944295,0,1650,84.90,2613.37
1770240337.368,379.488,3.05,0.00,32,0,2925520,3364493,0,3364493,3364493,946779,0,1653,94.26,2461.02
1770240338.376,380.496,2.93,0.00,32,0,2935568,3379744,0,3379744,3374376,949063,0,1658,65.88,2265.93
1770240339.384,381.504,3.02,0.00,32,0,2944448,3389919,0,3389919,3389919,951511,0,1662,87.27,2429.50
1770240340.393,382.512,3.09,0.00,32,0,2952352,3398025,0,3398025,3395856,954187,0,1665,97.51,2652.36
1770240341.401,383.521,3.05,0.00,32,0,2958512,3404771,0,3404771,3404771,956635,0,1669,91.31,2427.20
1770240342.413,384.532,3.13,0.00,32,0,2970576,3417675,0,3417675,3417675,959178,0,1673,93.49,2514.12
1770240343.421,385.541,2.91,0.00,32,0,2974032,3421303,0,3421303,3421303,961724,0,1677,95.26,2524.73
1770240344.429,386.549,2.99,0.00,32,0,2976288,3423841,0,3423841,3421613,964629,0,1679,88.89,2881.15
1770240345.438,387.558,2.80,0.00,32,0,2981424,3429432,0,3429432,3429432,967339,0,1681,91.86,2687.51
1770240346.446,388.566,2.88,0.00,32,0,2982032,3430067,0,3430067,3430067,970312,0,1682,95.75,2948.21
1770240347.456,389.576,2.71,0.00,32,0,2986464,3436411,0,3436411,3436411,972695,0,1687,69.86,2359.78
1770240348.464,390.584,2.78,0.00,31,0,3001680,3451859,0,3451859,3448948,975109,0,1693,98.50,2394.21
1770240349.472,391.592,2.84,0.00,32,0,3011088,3462357,0,3462357,3462357,977589,0,1696,89.62,2459.91
1770240350.486,392.605,2.92,0.00,32,0,3014352,3466064,0,3466064,3466064,980430,0,1698,88.05,2804.13
1770240351.494,393.614,3.00,0.00,32,0,3018304,3470067,0,3470067,3470067,983270,0,1700,98.73,2815.29
1770240352.503,394.623,3.06,0.00,32,0,3031952,3484150,0,3484150,3484150,985625,0,1705,96.91,2333.53
1770240353.515,395.635,3.15,0.00,32,0,3038592,3491428,0,3491428,3491428,988301,0,1708,91.23,2645.45
1770240354.526,396.646,3.21,0.00,32,0,3057824,3512350,0,3512350,3512350,990679,0,1713,91.92,2353.05
1770240355.534,397.654,3.22,0.00,32,0,3066432,3522211,0,3522211,3522211,993223,0,1717,87.29,2522.29
1770240356.543,398.663,3.14,0.00,32,0,3074176,3530768,0,3530768,3530768,995733,0,1721,90.50,2488.65
1770240357.553,399.673,2.89,0.00,32,0,3075536,3532965,0,3532965,3532965,998409,0,1724,61.90,2649.10
1770240358.562,400.681,2.79,0.00,31,0,3084560,3542257,0,3542257,3542257,1001085,0,1728,97.12,2653.27
1770240359.569,401.689,3.05,0.00,32,0,3103648,3562072,0,3562072,3562072,1003630,0,1731,96.33,2525.11
1770240360.578,402.698,2.82,0.00,31,0,3107792,3569655,0,3569655,3567696,1006106,0,1737,54.65,2454.77
1770240361.587,403.707,2.90,0.00,32,0,3111904,3574083,0,3574083,3574083,1008852,0,1738,92.86,2721.13
1770240362.596,404.716,2.91,0.00,32,0,3117424,3579758,0,3579758,3579758,1011530,0,1741,97.27,2654.96
1770240363.604,405.724,2.84,0.00,32,0,3139952,3603950,0,3603950,3603950,1013580,0,1749,93.12,2032.58
1770240364.617,406.737,2.92,0.00,32,0,3147456,3612293,0,3612293,3610939,1016158,0,1753,89.94,2546.65
1770240365.625,407.744,3.00,0.00,32,0,3151136,3616274,0,3616274,3615283,1018806,0,1756,92.44,2627.39
1770240366.634,408.754,3.08,0.00,32,0,3160880,3626352,0,3626352,3624362,1021480,0,1760,96.69,2649.44
1770240367.642,409.762,3.17,0.00,32,0,3167504,3635189,0,3635189,3635189,1023736,0,1765,74.96,2238.49
1770240368.653,410.773,3.26,0.00,32,0,3169392,3637469,0,3637469,3637469,1026578,0,1767,82.81,2810.62
1770240369.660,411.780,3.35,0.00,32,0,3180112,3649066,0,3649066,3646927,1029250,0,1771,92.44,2653.26
1770240370.668,412.788,3.34,0.00,31,0,3192160,3663417,0,3663417,3663417,1031338,0,1778,83.95,2070.97
1770240371.677,413.796,3.44,0.00,32,0,3209360,3682789,0,3682789,3682789,1033691,0,1782,88.79,2333.29
1770240372.685,414.805,3.46,0.00,31,0,3214192,3688633,0,3688633,3688633,1036335,0,1786,82.68,2621.32
1770240373.694,415.814,3.53,0.00,31,0,3220800,3695391,0,3695391,3695391,1038947,0,1789,97.78,2588.75
1770240374.702,416.822,3.62,0.00,32,0,3235664,3711166,0,3711166,3705752,1041558,0,1791,94.23,2591.60
1770240375.710,417.830,3.65,0.00,32,0,3244480,3721146,0,3721146,3721146,1043781,0,1796,88.34,2204.60
1770240376.718,418.838,3.55,0.00,31,0,3256880,3733734,0,3733734,3733734,1046328,0,1800,98.51,2525.95
1770240377.728,419.848,3.63,0.00,32,0,3261696,3739528,0,3739528,3739528,1048780,0,1803,83.12,2428.88
1770240378.736,420.856,3.57,0.00,32,0,3268736,3747851,0,3747851,3747851,1051297,0,1806,84.58,2497.18
1770240379.745,421.865,3.64,0.00,32,0,3274928,3754108,0,3754108,3754108,1054010,0,1808,98.96,2688.31
1770240380.755,422.875,3.56,0.00,32,0,3288912,3768431,0,3768431,3768431,1056587,0,1811,97.63,2551.20
1770240381.763,423.883,3.55,0.00,32,0,3293088,3772938,0,3772938,3772938,1059332,0,1813,92.66,2722.41
1770240382.772,424.892,3.63,0.00,32,0,3294736,3774623,0,3774623,3774623,1062176,0,1814,97.80,2819.82
1770240383.779,425.899,3.43,0.00,32,0,3313840,3793849,0,3793849,3793795,1064588,0,1818,99.37,2394.32
1770240384.789,426.909,3.01,0.00,32,0,3320816,3801132,0,3801132,3800557,1067070,0,1822,95.78,2458.33
1770240385.797,427.917,3.08,0.00,32,0,3331312,3811704,0,3811704,3805318,1069973,0,1824,99.28,2878.83
1770240386.807,428.926,3.08,0.00,32,0,3346224,3827783,0,3827783,3827783,1071865,0,1832,92.74,1874.87
1770240387.815,429.935,3.16,0.00,32,0,3350816,3833445,0,3833445,3833445,1074673,0,1834,81.10,2785.27
1770240388.825,430.945,3.02,0.00,31,0,3357552,3840704,0,3840704,3840704,1077186,0,1839,92.80,2486.87
1770240389.834,431.954,3.09,0.00,32,0,3373392,3856968,0,3856968,3856968,1079435,0,1844,97.39,2228.73
1770240390.843,432.963,3.17,0.00,32,0,3374768,3858608,0,3858608,3858608,1082277,0,1846,83.90,2817.03
1770240391.852,433.972,3.13,0.00,30,0,3386544,3871414,0,3871414,3871414,1084784,0,1852,91.96,2484.53
1770240392.864,434.984,3.26,0.00,32,0,3406960,3892557,0,3892557,3892557,1086841,0,1857,96.56,2033.23
1770240393.873,435.993,2.99,0.00,31,0,3416368,3902287,0,3902287,3902287,1089253,0,1863,96.69,2390.86
1770240394.882,437.002,3.08,0.00,31,0,3426736,3914295,0,3914295,3914295,1091473,0,1869,86.34,2199.98
1770240395.891,438.011,3.16,0.00,32,0,3431984,3920498,0,3920498,3920498,1093859,0,1873,84.60,2363.67
1770240396.899,439.019,3.08,0.00,31,0,3436272,3925340,0,3925340,3925340,1096534,0,1877,88.56,2653.72
1770240397.907,440.027,2.99,0.00,32,0,3440944,3932820,0,3932820,3932820,1098624,0,1883,62.46,2073.44
1770240398.916,441.036,3.10,0.00,32,0,3450560,3944498,0,3944498,3944498,1101139,0,1887,82.34,2493.66
1770240399.924,442.044,2.95,0.00,32,0,3450576,3945690,0,3945690,3945690,1104142,0,1888,1.34,2978.59
1770240400.931,443.051,2.85,0.00,32,0,3457136,3953012,0,3953012,3953012,1106654,0,1892,89.59,2493.63
1770240401.939,444.059,2.88,0.00,32,0,3462704,3959065,0,3959065,3959065,1109038,0,1897,91.99,2365.07
1770240402.948,445.067,2.96,0.00,32,0,3464848,3961311,0,3961311,3961311,1112043,0,1898,95.46,2980.99
1770240403.958,446.078,2.88,0.00,31,0,3473040,3971266,0,3971266,3971266,1114264,0,1905,82.29,2198.07
1770240404.966,447.086,2.79,0.00,32,0,3483008,3982951,0,3982951,3981495,1116743,0,1909,85.31,2459.26
1770240405.976,448.096,2.86,0.00,32,0,3487232,3987205,0,3987205,3987205,1119650,0,1910,99.29,2877.77
1770240406.985,449.105,2.94,0.00,32,0,3495904,3996553,0,3996553,3996553,1122164,0,1914,92.77,2492.58
1770240407.994,450.113,3.02,0.00,32,0,3504224,4005134,0,4005134,4005134,1125004,0,1916,96.96,2814.96
1770240409.005,451.125,3.13,0.00,32,0,3507328,4009647,0,4009647,4009647,1127844,0,1918,68.78,2808.08
1770240410.016,452.136,3.01,0.00,32,0,3511072,4013903,0,4013903,4013903,1130520,0,1921,87.97,2645.89
1770240411.025,453.145,3.03,0.00,32,0,3513968,4017063,0,4017063,4017063,1133329,0,1923,91.65,2785.16
1770240412.035,454.155,3.11,0.00,32,0,3527968,4031946,0,4031946,4024246,1135869,0,1928,94.07,2515.02
1770240413.044,455.164,3.05,0.00,32,0,3546864,4051237,0,4051237,4051188,1138020,0,1934,97.95,2131.96
1770240414.053,456.173,3.14,0.00,32,0,3546928,4051916,0,4051916,4051916,1140897,0,1935,9.43,2849.55
1770240415.061,457.181,3.10,0.00,32,0,3558288,4065466,0,4065466,4065466,1143052,0,1941,83.84,2139.09
1770240416.071,458.190,3.18,0.00,32,0,3562608,4070011,0,4070011,4070011,1146024,0,1942,95.05,2943.24
1770240417.084,459.204,3.25,0.00,32,0,3575264,4083237,0,4083237,4083237,1148374,0,1947,95.69,2319.70
1770240418.092,460.212,3.08,0.00,30,0,3587712,4097842,0,4097842,4097842,1150718,0,1954,85.23,2324.48
1770240419.103,461.223,3.25,0.00,32,0,3606880,4118200,0,4118200,4118200,1153065,0,1958,94.15,2322.31
1770240420.112,462.232,3.06,0.00,32,0,3617312,4128840,0,4128840,4128840,1155737,0,1962,98.05,2646.63
1770240421.120,463.240,3.01,0.00,32,0,3624544,4137334,0,4137334,4137334,1158246,0,1967,85.14,2488.75
1770240422.129,464.249,2.89,0.00,32,0,3637072,4150554,0,4150554,4150307,1160850,0,1972,94.77,2582.74
1770240423.138,465.258,2.97,0.00,32,0,3639920,4153423,0,4153423,4153423,1163694,0,1973,99.27,2817.47
1770240424.147,466.267,3.05,0.00,32,0,3645168,4159323,0,4159323,4159323,1166372,0,1976,88.95,2655.13
1770240425.155,467.275,3.13,0.00,32,0,3654848,4169817,0,4169817,4168437,1168917,0,1980,92.24,2523.28
1770240426.163,468.283,2.99,0.00,32,0,3663152,4180803,0,4180803,4180803,1171234,0,1985,75.59,2299.73
1770240427.173,469.293,2.84,0.00,31,0,3671968,4190987,0,4190987,4190987,1173744,0,1990,86.57,2484.58
1770240428.181,470.301,2.70,0.00,32,0,3688592,4208710,0,4208710,4208710,1175865,0,1996,93.80,2103.55
1770240429.191,471.311,2.77,0.00,31,0,3693760,4214106,0,4214106,4214106,1178705,0,1999,95.77,2811.54
1770240430.201,472.321,2.69,0.00,32,0,3698752,4220004,0,4220004,4220004,1181087,0,2003,84.64,2359.88
1770240431.211,473.331,2.73,0.00,32,0,3705264,4226670,0,4226670,4226670,1182551,0,2005,97.69,1449.18
1770240432.221,474.341,2.83,0.00,32,0,3714768,4237758,0,4237758,4237758,1184902,0,2010,85.71,2327.83
1770240433.229,475.348,2.65,0.00,32,0,3719488,4242797,0,4242797,4242118,1186394,0,2013,93.67,1480.82
1770240434.238,476.358,2.56,0.00,32,0,3725568,4251015,0,4251015,4251015,1188968,0,2018,73.98,2550.10
1770240435.250,477.370,2.61,0.00,32,0,3737136,4263205,0,4263205,4258165,1190329,0,2022,94.90,1345.08
1770240436.260,478.380,2.44,0.00,32,0,3738448,4265438,0,4265438,4265438,1192555,0,2026,58.76,2202.60
1770240437.268,479.388,2.44,0.00,32,0,3743616,4272672,0,4272672,4272672,1195196,0,2030,71.44,2621.16
1770240438.278,480.397,2.43,0.00,32,0,3744720,4274597,0,4274597,4274597,1198003,0,2033,57.35,2780.17
1770240439.287,481.407,2.51,0.00,32,0,3757600,4288064,0,4288064,4288064,1200483,0,2038,95.64,2456.81
1770240440.296,482.416,2.60,0.00,31,0,3765488,4297146,0,4297146,4297146,1202928,0,2044,86.85,2423.87
1770240441.304,483.424,2.66,0.00,32,0,3777584,4309860,0,4309860,4307896,1205079,0,2050,95.14,2133.97
1770240442.313,484.433,2.76,0.00,32,0,3791264,4324922,0,4324922,4320051,1207527,0,2054,90.82,2425.33
1770240443.322,485.442,2.73,0.00,32,0,3798320,4332671,0,4332671,4329583,1210040,0,2058,91.06,2490.54
1770240444.330,486.450,2.21,0.00,31,0,3799168,4334222,0,4334222,4334159,1212451,0,2064,54.67,2391.17
1770240445.339,487.458,2.13,0.00,32,0,3807440,4344019,0,4344019,4344019,1214637,0,2070,84.43,2168.29
1770240446.349,488.469,2.20,0.00,32,0,3812352,4349603,0,4349603,4349603,1217118,0,2075,87.97,2454.78
1770240447.358,489.478,2.19,0.00,32,0,3818096,4357543,0,4357543,4357543,1219629,0,2080,72.34,2489.26
1770240448.366,490.485,2.03,0.00,32,0,3823408,4364865,0,4364865,4364865,1221943,0,2086,72.55,2296.65
1770240449.373,491.493,2.03,0.00,32,0,3826336,4369787,0,4369787,4369531,1224714,0,2090,59.49,2750.96
1770240450.380,492.500,1.89,0.00,32,0,3839248,4383864,0,4383864,4383864,1227062,0,2095,91.72,2331.35
1770240451.389,493.509,1.82,0.00,30,0,3846528,4392545,0,4392545,4392545,1229701,0,2101,83.86,2614.79
1770240452.398,494.518,2.07,0.00,31,0,3865056,4411896,0,4411896,4411896,1231986,0,2106,95.75,2265.89
1770240453.405,495.525,2.00,0.00,31,0,3875024,4423227,0,4423227,4419532,1234202,0,2113,87.97,2198.79
1770240454.415,496.535,2.04,0.00,32,0,3881760,4431678,0,4431678,4431678,1236486,0,2118,79.71,2261.37
1770240455.424,497.544,2.04,0.00,32,0,3885696,4435908,0,4435908,4435908,1239128,0,2122,93.05,2620.47
1770240456.431,498.551,2.05,0.00,32,0,3897616,4448005,0,4448005,4447960,1241894,0,2127,98.54,2744.86
1770240457.443,499.563,2.16,0.00,32,0,3910368,4462795,0,4462795,4462795,1244114,0,2133,86.22,2193.55
1770240458.452,500.572,2.24,0.00,32,0,3914256,4467262,0,4467262,4467262,1246920,0,2136,87.04,2782.99
1770240459.462,501.582,2.33,0.00,31,0,3926880,4480878,0,4480878,4480878,1249427,0,2142,92.71,2481.80
1770240460.470,502.590,2.42,0.00,31,0,3932400,4487259,0,4487259,4487259,1252072,0,2146,86.51,2624.32
1770240461.477,503.597,2.38,0.00,32,0,3938096,4496226,0,4496226,4495883,1254482,0,2151,63.52,2393.04
1770240462.485,504.605,2.36,0.00,32,0,3942368,4502197,0,4502197,4502197,1256705,0,2157,71.55,2204.36
1770240463.494,505.614,2.39,0.00,32,0,3949920,4510254,0,4510254,4510254,1259347,0,2161,93.73,2619.93
1770240464.502,506.622,2.39,0.00,32,0,3963760,4525699,0,4525699,4525699,1261661,0,2167,89.61,2294.61
1770240465.509,507.629,2.44,0.00,31,0,3971760,4534359,0,4534359,4533902,1264461,0,2172,92.38,2780.04
1770240466.518,508.638,2.25,0.00,32,0,3981904,4547289,0,4547289,4547289,1266810,0,2176,78.45,2328.03
1770240467.527,509.647,2.30,0.00,32,0,3982640,4548732,0,4548732,4547687,1269876,0,2178,51.00,3040.26
1770240468.535,510.655,2.38,0.00,32,0,4007840,4575183,0,4575183,4575183,1271896,0,2187,95.27,2002.86
1770240469.545,511.665,2.46,0.00,32,0,4018048,4587532,0,4587532,4587532,1274373,0,2192,82.66,2453.77
1770240470.554,512.674,2.55,0.00,30,0,4026784,4597398,0,4597398,4597398,1276850,0,2199,88.55,2453.80
1770240471.565,513.685,2.63,0.00,32,0,4031456,4602300,0,4602300,4601122,1279526,0,2201,95.31,2647.48
1770240472.573,514.693,2.72,0.00,32,0,4035776,4607601,0,4607601,4607601,1282172,0,2204,81.49,2625.09
1770240473.582,515.702,2.75,0.00,32,0,4037136,4610442,0,4610442,4610442,1284819,0,2207,47.87,2622.90
1770240474.591,516.711,2.81,0.00,32,0,4048272,4622277,0,4622277,4618702,1287072,0,2213,94.09,2233.87
1770240475.599,517.719,2.87,0.00,32,0,4056976,4632322,0,4632322,4630689,1289391,0,2218,86.65,2300.21
1770240476.607,518.727,2.96,0.00,32,0,4077936,4654866,0,4654866,4650700,1291543,0,2225,92.97,2133.94
1770240477.619,519.739,2.72,0.00,31,0,4078000,4656903,0,4656903,4656903,1294122,0,2229,3.14,2549.51
1770240478.630,520.749,2.76,0.00,32,0,4087312,4667169,0,4667169,4667169,1296637,0,2232,90.71,2488.78
1770240479.643,521.763,2.75,0.00,31,0,4087312,4667169,0,4667169,4667169,1299739,0,2233,0.00,3061.36
1770240480.657,522.777,2.92,0.00,32,0,4104848,4685651,0,4685651,4685651,1302251,0,2236,94.88,2477.32
1770240481.665,523.785,3.00,0.00,32,0,4112656,4693726,0,4693726,4691286,1305087,0,2239,96.69,2812.64
1770240482.673,524.793,2.86,0.00,32,0,4115136,4696296,0,4696296,4696296,1307736,0,2241,96.50,2627.07
1770240483.682,525.802,2.74,0.00,32,0,4116432,4699854,0,4699854,4699854,1310414,0,2244,36.42,2654.48
1770240484.691,526.811,2.84,0.00,32,0,4122864,4707395,0,4707395,4707395,1313059,0,2247,85.29,2621.75
1770240485.700,527.820,2.75,0.00,31,0,4126336,4711695,0,4711695,4711643,1315766,0,2251,80.74,2683.61
1770240486.709,528.829,2.91,0.00,32,0,4139648,4727327,0,4727327,4722247,1318345,0,2253,85.16,2556.34
1770240487.717,529.837,2.87,0.00,32,0,4145248,4733222,0,4733222,4730326,1321085,0,2256,95.00,2716.37
1770240488.725,530.845,2.78,0.00,32,0,4149248,4737666,0,4737666,4737666,1323664,0,2259,90.01,2558.90
1770240489.734,531.854,2.65,0.00,31,0,4149296,4738303,0,4738303,4738303,1326504,0,2262,7.54,2815.13
1770240490.743,532.863,2.58,0.00,32,0,4162368,4751699,0,4751699,4751699,1329046,0,2265,97.58,2519.55
1770240491.753,533.873,2.68,0.00,32,0,4176560,4767849,0,4767849,4767849,1331200,0,2272,87.88,2132.07
1770240492.761,534.881,2.76,0.00,32,0,4178160,4769928,0,4769928,4769928,1333879,0,2275,76.96,2657.79
1770240493.770,535.890,2.69,0.00,32,0,4182768,4774875,0,4774875,4774875,1336523,0,2278,93.15,2621.94
1770240494.779,536.898,2.77,0.00,32,0,4190928,4784889,0,4784889,4784889,1339234,0,2280,81.49,2687.46
1770240495.787,537.907,2.66,0.00,32,0,4211536,4806783,0,4806783,4806210,1341416,0,2287,94.13,2163.95
1770240496.794,538.914,2.63,0.00,32,0,4231792,4827390,0,4827390,4827390,1343698,0,2292,98.30,2265.74
1770240497.803,539.923,2.72,0.00,32,0,4241104,4837815,0,4837815,4837815,1346210,0,2296,89.32,2488.48
1770240498.816,540.936,2.77,0.00,31,0,4245216,4842296,0,4842296,4842296,1349048,0,2299,91.77,2803.21
1770240499.825,541.944,2.88,0.00,30,0,4246464,4843567,0,4843567,4843567,1352021,0,2301,98.19,2947.40
1770240500.834,542.954,2.93,0.00,32,0,4254416,4853020,0,4853020,4853020,1354696,0,2302,84.12,2650.50
1770240501.850,543.970,3.04,0.00,32,0,4264880,4865419,0,4865419,4865419,1357046,0,2307,84.39,2312.53
1770240502.859,544.979,3.11,0.00,32,0,4271488,4872112,0,4872112,4872112,1359887,0,2309,98.73,2815.96
1770240503.868,545.988,3.13,0.00,31,0,4282736,4885882,0,4885882,4885882,1362237,0,2314,81.68,2328.20
1770240504.879,546.999,3.20,0.00,32,0,4286720,4889951,0,4889951,4889951,1365077,0,2315,97.91,2810.26
1770240505.891,548.011,3.12,0.00,30,0,4300960,4904824,0,4904824,4904824,1367717,0,2320,95.74,2607.28
1770240506.900,549.020,3.29,0.00,32,0,4307504,4912622,0,4912622,4912622,1370685,0,2320,83.92,2943.34
1770240507.909,550.029,2.93,0.00,32,0,4311856,4919477,0,4919477,4919477,1373032,0,2325,63.49,2325.81
1770240508.920,551.040,2.89,0.00,32,0,4314336,4922130,0,4922130,4922130,1375741,0,2328,93.48,2678.54
1770240509.928,552.048,2.80,0.00,32,0,4315152,4924429,0,4924429,4924429,1378418,0,2331,35.49,2655.28
1770240510.937,553.057,2.87,0.00,32,0,4324176,4933989,0,4933989,4933989,1381094,0,2334,94.39,2653.53
1770240511.945,554.065,2.80,0.00,31,0,4330144,4940378,0,4940378,4940378,1383607,0,2339,93.41,2492.13
1770240512.956,555.076,2.88,0.00,32,0,4336784,4947066,0,4947066,4947066,1386610,0,2339,99.28,2971.71
1770240513.964,556.084,2.96,0.00,32,0,4344752,4955745,0,4955745,4955745,1389121,0,2343,91.81,2490.34
1770240514.973,557.093,3.04,0.00,32,0,4347584,4958602,0,4958602,4958602,1392060,0,2344,99.12,2913.92
1770240515.982,558.102,2.99,0.00,32,0,4359232,4972096,0,4972096,4972096,1394405,0,2349,86.32,2322.64
1770240516.993,559.113,3.06,0.00,32,0,4368208,4981432,0,4981432,4981432,1396917,0,2353,96.14,2484.62
1770240518.006,560.126,3.14,0.00,32,0,4372800,4986487,0,4986487,4986487,1399627,0,2356,90.84,2675.43
1770240519.014,561.134,2.84,0.00,31,0,4379824,4995266,0,4995266,4995266,1402039,0,2361,80.01,2392.85
1770240520.023,562.143,3.15,0.00,32,0,4401232,5016838,0,5016838,5016838,1404555,0,2364,99.24,2493.61
1770240521.032,563.152,3.23,0.00,32,0,4407312,5023404,0,5023404,5023404,1407200,0,2367,92.60,2622.41
1770240522.044,564.163,3.31,0.00,32,0,4415232,5031831,0,5031831,5031831,1409845,0,2370,93.98,2614.54
1770240523.052,565.172,3.39,0.00,32,0,4416672,5033427,0,5033427,5033427,1412850,0,2371,90.23,2979.33
1770240524.060,566.180,3.46,0.00,32,0,4440784,5058611,0,5058611,5056493,1414969,0,2378,95.74,2102.25
1770240525.069,567.189,3.49,0.00,32,0,4447376,5066584,0,5066584,5066584,1417094,0,2384,82.68,2107.02
1770240526.077,568.196,3.57,0.00,32,0,4458080,5078291,0,5078291,5078291,1419445,0,2389,91.43,2332.62
1770240527.085,569.205,3.65,0.00,32,0,4462256,5082874,0,5082874,5082874,1422158,0,2391,91.12,2690.42
1770240528.093,570.213,3.45,0.00,32,0,4466112,5088691,0,5088691,5088691,1424738,0,2394,66.29,2558.92
1770240529.100,571.220,3.47,0.00,32,0,4476192,5099419,0,5099419,5099419,1427057,0,2399,93.96,2303.53
1770240530.110,572.230,3.35,0.00,32,0,4491744,5117119,0,5117119,5117119,1429243,0,2405,87.86,2164.43
1770240531.119,573.239,3.17,0.00,32,0,4496512,5122945,0,5122945,5122945,1431919,0,2408,81.84,2651.43
1770240532.128,574.247,3.13,0.00,32,0,4504912,5133973,0,5133973,5130781,1434301,0,2413,76.17,2361.93
1770240533.136,575.256,2.82,0.00,32,0,4510336,5140476,0,5140476,5140476,1436782,0,2417,83.41,2460.24
1770240534.144,576.264,2.82,0.00,32,0,4510656,5142922,0,5142922,5142922,1439298,0,2421,13.08,2496.27
1770240535.152,577.272,2.88,0.00,32,0,4519568,5153241,0,5153241,5148681,1441942,0,2425,86.36,2623.47
1770240536.162,578.282,2.96,0.00,32,0,4523872,5158252,0,5158252,5158252,1444491,0,2428,85.89,2523.01
1770240537.170,579.290,2.91,0.00,32,0,4525120,5161105,0,5161105,5159927,1447069,0,2432,43.74,2558.32
1770240538.178,580.298,2.88,0.00,32,0,4542992,5180150,0,5180150,5173682,1449315,0,2438,93.84,2226.79
1770240539.187,581.307,2.95,0.00,32,0,4544272,5181534,0,5181534,5181534,1452160,0,2439,92.49,2820.77
1770240540.196,582.316,2.90,0.00,32,0,4553984,5191866,0,5191866,5191866,1454541,0,2444,94.00,2360.45
1770240541.204,583.324,3.00,0.00,31,0,4555792,5194413,0,5194413,5194413,1457383,0,2447,70.99,2817.29
1770240542.213,584.333,3.10,0.00,32,0,4566112,5206632,0,5206632,5206632,1459733,0,2451,84.46,2329.63
1770240543.221,585.341,2.97,0.00,32,0,4577280,5219964,0,5219964,5218014,1461820,0,2458,83.77,2070.40
1770240544.230,586.350,2.69,0.00,31,0,4587568,5232519,0,5232519,5231626,1464132,0,2465,81.94,2291.71
1770240545.239,587.359,2.70,0.00,32,0,4598224,5244352,0,5244352,5242131,1466256,0,2470,90.05,2105.67
1770240546.247,588.367,2.77,0.00,32,0,4610032,5256353,0,5256353,5256353,1468705,0,2474,98.39,2429.39
1770240547.255,589.375,2.84,0.00,31,0,4615456,5262026,0,5262026,5262026,1471380,0,2478,95.61,2653.37
1770240548.265,590.384,2.74,0.00,32,0,4622096,5270119,0,5270119,5270119,1474019,0,2481,82.05,2614.06
1770240549.273,591.393,2.46,0.00,32,0,4625408,5275548,0,5275548,5273815,1476461,0,2487,61.01,2421.23
1770240550.281,592.401,2.53,0.00,32,0,4634976,5285287,0,5285287,5280910,1479038,0,2491,98.24,2556.48
1770240551.290,593.410,2.54,0.00,31,0,4640560,5292521,0,5292521,5292521,1481614,0,2496,77.19,2552.17
1770240552.299,594.419,2.47,0.00,32,0,4646576,5299001,0,5299001,5297476,1484127,0,2500,92.84,2491.49
1770240553.310,595.429,2.48,0.00,31,0,4650960,5304012,0,5304012,5304012,1486930,0,2504,87.49,2774.14
1770240554.318,596.438,2.42,0.00,32,0,4652704,5306243,0,5306243,5306054,1489900,0,2505,78.17,2944.76
1770240555.326,597.446,2.50,0.00,32,0,4662448,5317336,0,5317336,5317336,1492410,0,2510,87.84,2490.03
1770240556.337,598.457,2.58,0.00,32,0,4669856,5325440,0,5325440,5325440,1494920,0,2515,91.41,2483.37
1770240557.347,599.466,2.62,0.00,31,0,4676736,5333451,0,5333451,5333451,1497660,0,2519,85.88,2713.58
1770240558.357,600.477,2.60,0.00,31,0,4690576,5347517,0,5347517,5347517,1499908,0,2525,98.39,2225.03
1770240559.367,601.487,2.57,0.00,31,0,4700768,5358137,0,5358137,5358137,1502386,0,2530,95.97,2453.39
1770240560.378,602.498,2.64,0.00,32,0,4715488,5373034,0,5373034,5370739,1505089,0,2533,98.81,2673.84
1770240561.386,603.506,2.52,0.00,32,0,4725264,5383902,0,5383902,5383902,1507274,0,2539,89.95,2167.11
1770240562.398,604.518,2.42,0.00,31,0,4725680,5384627,0,5384627,5384627,1510111,0,2543,57.38,2803.13
1770240563.406,605.526,2.30,0.00,32,0,4732992,5394951,0,5394951,5394951,1512551,0,2548,70.83,2420.36
1770240564.416,606.536,2.19,0.00,32,0,4737936,5400161,0,5400161,5400161,1515160,0,2552,94.89,2584.39
1770240565.426,607.546,2.28,0.00,32,0,4740688,5403149,0,5403149,5403149,1518161,0,2554,92.10,2971.44
1770240566.435,608.554,2.33,0.00,31,0,4752736,5415566,0,5415566,5415566,1520962,0,2558,97.03,2776.65
1770240567.443,609.562,2.37,0.00,32,0,4760512,5425332,0,5425332,5424411,1523275,0,2564,79.62,2294.58
1770240568.451,610.571,2.40,0.00,32,0,4769536,5436174,0,5436174,5436174,1525623,0,2569,83.23,2328.02
1770240569.461,611.581,2.49,0.00,32,0,4787088,5454700,0,5454700,5452439,1528258,0,2574,94.74,2608.75
1770240570.469,612.589,2.40,0.00,32,0,4789168,5458509,0,5458509,5458509,1530775,0,2578,54.61,2497.97
1770240571.480,613.600,2.44,0.00,32,0,4796768,5466821,0,5466821,5466821,1533283,0,2584,91.43,2479.57
1770240572.488,614.608,2.51,0.00,32,0,4802304,5472423,0,5472423,5472423,1536251,0,2586,98.82,2944.41
1770240573.506,615.626,2.59,0.00,32,0,4806960,5477320,0,5477320,5476481,1539088,0,2589,95.08,2787.87
1770240574.516,616.636,2.46,0.00,32,0,4815824,5486958,0,5486958,5486958,1541858,0,2592,91.97,2742.20
1770240575.526,617.645,2.55,0.00,32,0,4825712,5497781,0,5497781,5497781,1544662,0,2595,91.36,2777.50
1770240576.534,618.654,2.62,0.00,32,0,4837024,5509187,0,5509187,5509187,1547336,0,2598,99.18,2651.72
1770240577.545,619.665,2.71,0.00,32,0,4852320,5525960,0,5525960,5525960,1549683,0,2603,91.19,2321.91
1770240578.554,620.674,2.77,0.00,32,0,4868224,5544256,0,5544256,5542975,1551897,0,2610,86.93,2194.56
1770240579.564,621.684,2.84,0.00,32,0,4875168,5551685,0,5551685,5551685,1554446,0,2613,93.47,2522.41
1770240580.573,622.693,2.82,0.00,32,0,4878624,5555777,0,5555777,5555777,1557156,0,2616,84.46,2686.26
1770240581.582,623.702,2.90,0.00,32,0,4885280,5562706,0,5562706,5562706,1559833,0,2619,96.06,2653.88
1770240582.589,624.709,2.86,0.00,31,0,4898784,5577084,0,5577084,5577084,1562178,0,2626,93.92,2327.34
1770240583.598,625.718,2.94,0.00,32,0,4905856,5584712,0,5584712,5584712,1564727,0,2629,92.71,2527.43
1770240584.605,626.725,3.02,0.00,32,0,4915776,5595473,0,5595473,5595473,1567403,0,2632,92.18,2657.50
1770240585.613,627.733,3.11,0.00,32,0,4932608,5613506,0,5613506,5613506,1569915,0,2636,93.34,2490.47
1770240586.621,628.741,3.12,0.00,32,0,4945360,5627244,0,5627244,5626506,1572328,0,2641,92.82,2395.51
1770240587.630,629.750,3.19,0.00,32,0,4948016,5630340,0,5630340,5630340,1575137,0,2643,85.79,2783.40
1770240588.639,630.758,3.28,0.00,32,0,4953328,5635995,0,5635995,5635995,1577978,0,2645,93.93,2816.68
1770240589.648,631.768,3.35,0.00,31,0,4962400,5645160,0,5645160,5645160,1580654,0,2649,98.99,2651.80
1770240590.658,632.778,3.41,0.00,32,0,4985504,5669602,0,5669602,5669602,1582774,0,2654,94.53,2099.04
1770240591.666,633.786,3.49,0.00,32,0,4997664,5681802,0,5681802,5671462,1585678,0,2656,99.67,2880.08
1770240592.675,634.795,3.28,0.00,31,0,5000624,5685797,0,5685797,5685797,1588125,0,2661,74.09,2424.41
1770240593.683,635.803,3.47,0.00,32,0,5013984,5701649,0,5701649,5701649,1590382,0,2665,84.28,2240.16
1770240594.691,636.811,3.37,0.00,32,0,5026864,5714902,0,5714902,5710058,1592693,0,2671,97.19,2292.75
1770240595.699,637.819,3.45,0.00,32,0,5028864,5717059,0,5717059,5717059,1595474,0,2672,92.72,2758.22
1770240596.707,638.826,3.34,0.00,32,0,5049936,5741364,0,5741364,5741307,1597617,0,2680,86.70,2127.11
1770240597.715,639.834,3.24,0.00,32,0,5059264,5751406,0,5751406,5751139,1599998,0,2685,92.89,2361.99
1770240598.725,640.845,3.22,0.00,31,0,5066416,5758970,0,5758970,5758970,1602578,0,2689,94.55,2553.66
1770240599.735,641.854,2.94,0.00,32,0,5078000,5772715,0,5772715,5772715,1605088,0,2692,84.28,2485.93
1770240600.743,642.862,2.78,0.00,31,0,5083312,5778707,0,5778707,5778707,1607437,0,2698,88.65,2330.48
1770240601.749,643.869,2.87,0.00,32,0,5098016,5794592,0,5794592,5794592,1609787,0,2702,92.57,2335.07
1770240602.758,644.877,2.94,0.00,32,0,5098320,5794918,0,5794918,5794918,1612760,0,2703,93.25,2947.66
1770240603.765,645.885,2.92,0.00,32,0,5099968,5797145,0,5797145,5797145,1615438,0,2706,74.00,2657.74
1770240604.774,646.894,2.71,0.00,32,0,5103440,5800931,0,5800931,5800931,1617952,0,2710,91.71,2492.16
1770240605.783,647.903,2.83,0.00,32,0,5108816,5809259,0,5809259,5809259,1620402,0,2715,64.55,2427.14
1770240606.791,648.911,2.93,0.00,32,0,5112416,5813553,0,5813553,5811049,1623276,0,2717,83.84,2852.44
1770240607.800,649.920,2.92,0.00,32,0,5115040,5817439,0,5817439,5817439,1625922,0,2720,67.52,2623.04
1770240608.809,650.929,2.90,0.00,32,0,5118752,5821669,0,5821669,5821669,1628568,0,2723,87.75,2621.50
1770240609.817,651.937,2.97,0.00,32,0,5134320,5838695,0,5838695,5836470,1631014,0,2728,91.44,2427.43
1770240610.826,652.946,2.93,0.00,30,0,5143584,5848720,0,5848720,5848720,1633328,0,2736,92.41,2292.71
1770240611.836,653.956,2.89,0.00,31,0,5158704,5866474,0,5866474,5866474,1635384,0,2742,85.16,2034.99
1770240612.846,654.966,2.98,0.00,32,0,5162320,5870580,0,5870580,5870580,1638096,0,2744,88.07,2686.73
1770240613.855,655.975,3.03,0.00,32,0,5173584,5883326,0,5883326,5883326,1640478,0,2749,88.37,2360.58
1770240614.863,656.983,2.79,0.00,31,0,5179120,5890954,0,5890954,5890954,1642824,0,2755,72.57,2325.99
1770240615.872,657.992,2.90,0.00,32,0,5182832,5895180,0,5895180,5895180,1645536,0,2757,87.84,2687.89
1770240616.881,659.001,2.99,0.00,32,0,5187792,5900903,0,5900903,5900903,1648181,0,2760,86.67,2622.47
1770240617.889,660.009,2.68,0.00,31,0,5187840,5902392,0,5902392,5902392,1650986,0,2763,3.22,2781.17
1770240618.898,661.018,2.44,0.00,32,0,5206624,5922157,0,5922157,5922157,1653137,0,2769,95.04,2132.60
1770240619.906,662.026,2.52,0.00,32,0,5210528,5926360,0,5926360,5926360,1656106,0,2771,92.89,2945.87
1770240620.916,663.035,2.50,0.00,32,0,5212368,5928332,0,5928332,5928332,1658912,0,2774,93.31,2779.15
1770240621.925,664.045,2.45,0.00,32,0,5218896,5935999,0,5935999,5935999,1661391,0,2779,85.14,2456.32
1770240622.933,665.053,2.53,0.00,32,0,5221616,5938786,0,5938786,5938786,1664360,0,2781,97.60,2943.76
1770240623.940,666.060,2.42,0.00,31,0,5222768,5940493,0,5940493,5940493,1667164,0,2785,67.49,2784.76
1770240624.949,667.068,2.24,0.00,31,0,5227568,5946331,0,5946331,5946031,1669801,0,2790,82.22,2615.61
1770240625.958,668.077,2.42,0.00,32,0,5238464,5958800,0,5958800,5958800,1672121,0,2794,87.38,2299.12
1770240626.966,669.086,2.35,0.00,32,0,5242896,5963925,0,5963925,5963925,1674632,0,2799,86.48,2490.19
1770240627.977,670.097,2.43,0.00,32,0,5255056,5976696,0,5976696,5976696,1677304,0,2803,95.22,2642.02
1770240628.985,671.105,2.52,0.00,32,0,5267248,5990323,0,5990323,5990323,1679943,0,2807,89.47,2617.76
1770240629.996,672.116,2.60,0.00,32,0,5274768,5998452,0,5998452,5998452,1682552,0,2811,92.51,2580.87
1770240631.004,673.124,2.56,0.00,32,0,5286656,6011630,0,6011630,6011630,1684803,0,2816,90.21,2233.00
1770240632.013,674.133,2.64,0.00,31,0,5287744,6012781,0,6012781,6012781,1687839,0,2818,94.53,3010.90
1770240633.027,675.147,2.74,0.00,32,0,5295136,6021809,0,6021809,6021809,1690192,0,2822,81.88,2319.96
1770240634.035,676.155,2.73,0.00,32,0,5304096,6032282,0,6032282,6032282,1692441,0,2828,85.55,2230.04
1770240635.045,677.165,2.71,0.00,32,0,5306784,6035271,0,6035271,6035271,1695250,0,2830,89.93,2783.35
1770240636.054,678.174,2.82,0.00,32,0,5312880,6043145,0,6043145,6043145,1697894,0,2833,77.42,2619.26
1770240637.062,679.182,2.84,0.00,32,0,5316368,6046785,0,6046785,6046676,1700574,0,2836,95.82,2659.79
1770240638.073,680.192,2.91,0.00,31,0,5318576,6051099,0,6051099,6051099,1703221,0,2840,51.18,2618.72
1770240639.081,681.201,2.81,0.00,32,0,5326352,6060391,0,6060391,6060391,1705602,0,2844,83.68,2360.15
1770240640.091,682.211,2.75,0.00,32,0,5328384,6062698,0,6062698,6062698,1708410,0,2846,88.08,2781.60
1770240641.101,683.221,2.83,0.00,32,0,5330320,6065040,0,6065040,6065040,1711414,0,2847,82.66,2973.23
1770240642.109,684.229,2.64,0.00,31,0,5338768,6073871,0,6073871,6072844,1713794,0,2853,95.66,2361.03
1770240643.118,685.238,2.36,0.00,32,0,5346032,6083177,0,6083177,6083177,1716208,0,2857,78.06,2393.07
1770240644.126,686.246,2.46,0.00,32,0,5354256,6092684,0,6092684,6092684,1718816,0,2861,86.50,2586.01
1770240645.135,687.255,2.55,0.00,32,0,5365840,6105886,0,6105886,6102822,1721616,0,2865,87.74,2776.78
1770240646.143,688.263,2.63,0.00,32,0,5365840,6105886,0,6105886,6105886,1724656,0,2865,0.00,3014.30
1770240647.152,689.272,2.62,0.00,30,0,5378128,6118706,0,6118706,6118706,1727035,0,2872,95.85,2358.41
1770240648.160,690.280,2.67,0.00,31,0,5392576,6134031,0,6134031,6132201,1729573,0,2876,94.28,2517.22
1770240649.167,691.287,2.52,0.00,32,0,5396544,6138841,0,6138841,6137221,1732085,0,2880,82.49,2494.70
1770240650.175,692.295,2.54,0.00,32,0,5408976,6155800,0,6155800,6155800,1734267,0,2886,73.31,2165.14
1770240651.183,693.303,2.62,0.00,31,0,5418528,6168018,0,6168018,6168018,1736943,0,2890,78.18,2655.25
1770240652.191,694.311,2.63,0.00,31,0,5424720,6175474,0,6175474,6175474,1739422,0,2895,83.05,2459.74
1770240653.200,695.320,2.61,0.00,32,0,5432784,6184611,0,6184611,6184611,1741739,0,2900,88.26,2295.84
1770240654.210,696.330,2.69,0.00,32,0,5446032,6198886,0,6198886,6198886,1744509,0,2903,92.81,2741.48
1770240655.218,697.338,2.79,0.00,32,0,5462240,6216613,0,6216613,6215601,1746791,0,2909,91.43,2264.58
1770240656.226,698.346,2.82,0.00,31,0,5466192,6222035,0,6222035,6220972,1749434,0,2913,72.89,2622.17
1770240657.235,699.355,2.87,0.00,32,0,5476304,6234001,0,6234001,6234001,1751655,0,2918,84.51,2200.11
1770240658.246,700.366,2.95,0.00,32,0,5492016,6250271,0,6250271,6250271,1754196,0,2922,96.57,2514.36
1770240659.254,701.374,2.94,0.00,32,0,5498624,6257148,0,6257148,6257148,1756874,0,2925,96.09,2657.25
1770240660.261,702.381,3.01,0.00,31,0,5509232,6267926,0,6267926,6267926,1759549,0,2929,98.42,2654.97
1770240661.269,703.389,3.09,0.00,32,0,5520672,6280491,0,6280491,6280491,1761898,0,2933,91.05,2330.44
1770240662.279,704.399,3.16,0.00,31,0,5534224,6294307,0,6294307,6294307,1764605,0,2937,98.09,2680.81
1770240663.288,705.408,3.12,0.00,32,0,5538032,6298833,0,6298833,6298833,1767121,0,2940,84.14,2494.15
1770240664.298,706.418,3.16,0.00,32,0,5543984,6305620,0,6305620,6305620,1769636,0,2944,87.70,2488.95
1770240665.306,707.426,3.17,0.00,32,0,5552208,6314095,0,6314095,6314095,1772181,0,2948,97.04,2526.22
1770240666.315,708.434,2.94,0.00,31,0,5555696,6321526,0,6321526,6321526,1774465,0,2954,46.94,2264.24
1770240667.323,709.443,3.06,0.00,32,0,5563248,6330196,0,6330196,6330196,1777144,0,2956,87.10,2655.31
1770240668.331,710.451,2.88,0.00,32,0,5567184,6336952,0,6336952,6333467,1779561,0,2960,58.26,2398.08
1770240669.339,711.459,2.97,0.00,32,0,5579072,6350224,0,6350224,6345832,1782039,0,2966,89.57,2459.26
1770240670.346,712.466,3.05,0.00,32,0,5589488,6361395,0,6361395,6361395,1784455,0,2970,93.24,2397.95
1770240671.357,713.476,3.03,0.00,32,0,5589504,6361451,0,6361451,6361451,1787427,0,2971,28.57,2942.25
1770240672.364,714.484,2.90,0.00,32,0,5600656,6373201,0,6373201,6373201,1789808,0,2976,94.91,2364.01
1770240673.374,715.493,2.81,0.00,32,0,5610608,6385397,0,6385397,6385397,1791867,0,2983,81.60,2039.00
1770240674.384,716.504,2.88,0.00,32,0,5618640,6393701,0,6393701,6393701,1794576,0,2986,96.72,2681.92
1770240675.392,717.512,2.96,0.00,32,0,5625472,6401075,0,6401075,6401075,1797091,0,2990,92.65,2494.32
1770240676.401,718.520,3.04,0.00,32,0,5632800,6409200,0,6409200,6409200,1799604,0,2994,90.19,2491.54
1770240677.409,719.529,2.82,0.00,32,0,5639520,6417315,0,6417315,6415551,1801857,0,3000,82.81,2234.08
1770240678.419,720.538,2.81,0.00,31,0,5643888,6423558,0,6423558,6423558,1804372,0,3005,69.97,2491.44
1770240679.429,721.549,2.85,0.00,32,0,5650976,6432075,0,6432075,6432075,1806889,0,3008,83.22,2491.03
1770240680.439,722.559,2.93,0.00,32,0,5657728,6439273,0,6439273,6439273,1809534,0,3011,93.80,2617.86
1770240681.448,723.567,2.89,0.00,32,0,5663648,6446227,0,6446227,6446227,1811918,0,3016,85.13,2364.45
1770240682.456,724.576,2.97,0.00,32,0,5677280,6460660,0,6460660,6460660,1814331,0,3021,94.45,2392.84
1770240683.465,725.585,3.04,0.00,32,0,5683040,6466749,0,6466749,6466749,1817008,0,3024,94.60,2653.54
1770240684.474,726.594,3.11,0.00,32,0,5699520,6483342,0,6483342,6483342,1819388,0,3029,99.32,2358.64
1770240685.482,727.602,2.84,0.00,32,0,5702128,6487496,0,6487496,6487496,1821738,0,3034,62.78,2331.09
1770240686.492,728.612,2.82,0.00,32,0,5706288,6492490,0,6492490,6492490,1824414,0,3037,83.30,2649.69
1770240687.501,729.621,2.83,0.00,32,0,5715728,6503133,0,6503133,6503133,1826958,0,3041,88.70,2521.65
1770240688.510,730.630,2.93,0.00,32,0,5721328,6509913,0,6509913,6509913,1829767,0,3043,82.60,2782.34
1770240689.521,731.640,2.84,0.00,32,0,5725072,6514852,0,6514852,6514852,1832279,0,3047,75.80,2486.63
1770240690.530,732.650,2.84,0.00,32,0,5733856,6524514,0,6524514,6524514,1834663,0,3052,90.91,2361.62
1770240691.538,733.658,2.78,0.00,32,0,5758736,6553111,0,6553111,6549816,1837002,0,3059,87.00,2321.19
1770240692.551,734.671,2.76,0.00,31,0,5762048,6556902,0,6556902,6554620,1839745,0,3062,87.36,2707.50
1770240693.560,735.680,2.79,0.00,31,0,5766448,6562055,0,6562055,6562055,1842389,0,3065,85.39,2620.25
1770240694.569,736.689,2.92,0.00,32,0,5777104,6573369,0,6573369,6573369,1844938,0,3068,94.18,2525.29
1770240695.577,737.697,2.83,0.00,32,0,5778224,6576480,0,6576480,6576480,1847615,0,3071,36.00,2655.59
1770240696.587,738.707,2.85,0.00,32,0,5785712,6585289,0,6585289,6585289,1849995,0,3077,85.00,2357.73
1770240697.595,739.715,2.54,0.00,32,0,5790064,6590350,0,6590350,6590350,1852596,0,3083,85.99,2578.79
1770240698.603,740.723,2.35,0.00,32,0,5801008,6603633,0,6603633,6603043,1854942,0,3089,82.39,2327.37
1770240699.612,741.732,2.29,0.00,32,0,5807344,6610627,0,6610627,6610627,1857518,0,3093,90.59,2555.04
1770240700.624,742.744,2.37,0.00,32,0,5821136,6625180,0,6625180,6625180,1859704,0,3100,94.77,2159.89
1770240701.634,743.754,2.31,0.00,31,0,5826896,6631806,0,6631806,6631806,1862016,0,3107,86.93,2289.17
1770240702.642,744.761,2.39,0.00,32,0,5832368,6637757,0,6637757,6637757,1864692,0,3110,91.95,2655.08
1770240703.651,745.771,2.47,0.00,32,0,5832864,6638278,0,6638278,6638278,1867825,0,3111,95.20,3104.69
1770240704.659,746.779,2.54,0.00,32,0,5839904,6645767,0,6645767,6645767,1870629,0,3114,94.00,2781.36
1770240705.669,747.789,2.58,0.00,30,0,5845376,6651847,0,6651847,6651847,1873236,0,3120,90.00,2581.37
1770240706.677,748.797,2.74,0.00,32,0,5857376,6666322,0,6666322,6666322,1875622,0,3123,82.90,2365.87
1770240707.688,749.808,2.62,0.00,32,0,5869168,6679195,0,6679195,6679195,1878000,0,3129,91.60,2351.97
1770240708.698,750.818,2.69,0.00,32,0,5870928,6680982,0,6680982,6680982,1880972,0,3130,98.49,2944.49
1770240709.707,751.826,2.72,0.00,32,0,5876624,6688056,0,6688056,6688056,1883616,0,3133,80.52,2620.69
1770240710.716,752.836,2.69,0.00,32,0,5894816,6707206,0,6707206,6707206,1885704,0,3140,95.00,2069.10
1770240711.725,753.845,2.72,0.00,32,0,5899680,6713540,0,6713540,6713540,1888087,0,3145,76.79,2361.01
1770240712.732,754.852,2.83,0.00,32,0,5904944,6720731,0,6720731,6719381,1890470,0,3150,73.20,2365.57
1770240713.744,755.863,2.76,0.00,31,0,5907088,6723080,0,6723080,6723080,1893277,0,3153,91.27,2775.95
1770240714.752,756.872,2.69,0.00,32,0,5911248,6730608,0,6730608,6730608,1895723,0,3157,55.26,2424.91
1770240715.761,757.881,2.68,0.00,32,0,5919088,6739833,0,6739833,6738539,1898136,0,3162,84.99,2392.74
1770240716.769,758.889,2.76,0.00,32,0,5922208,6743268,0,6743268,6743268,1900913,0,3164,90.83,2753.32
1770240717.779,759.899,2.53,0.00,31,0,5929760,6751183,0,6751183,6751183,1903424,0,3169,95.41,2486.31
1770240718.788,760.908,2.64,0.00,32,0,5946224,6768534,0,6768534,6768534,1905678,0,3174,94.89,2234.36
1770240719.796,761.916,2.78,0.00,32,0,5952064,6776795,0,6776795,6776795,1908324,0,3177,70.69,2624.58
1770240720.805,762.925,2.77,0.00,32,0,5963312,6789325,0,6789325,6789325,1910806,0,3181,89.77,2459.83
1770240721.815,763.935,2.77,0.00,32,0,5970368,6797844,0,6797844,6797844,1913320,0,3185,82.83,2490.14
1770240722.823,764.943,2.71,0.00,32,0,5977152,6806716,0,6806716,6806716,1915699,0,3191,76.47,2359.50
1770240723.831,765.951,2.74,0.00,32,0,5982928,6813462,0,6813462,6811868,1918177,0,3196,85.62,2458.31
1770240724.839,766.959,2.83,0.00,32,0,5987168,6818253,0,6818253,6814090,1921017,0,3198,88.50,2816.37
1770240725.848,767.968,2.90,0.00,32,0,5988864,6819994,0,6819994,6819994,1923862,0,3199,97.42,2820.40
1770240726.856,768.976,2.77,0.00,31,0,5996656,6829826,0,6829826,6829826,1926078,0,3206,79.25,2197.94
1770240727.866,769.985,2.86,0.00,32,0,6012528,6847302,0,6847302,6847302,1928329,0,3211,90.82,2230.60
1770240728.875,770.995,2.95,0.00,32,0,6016544,6852268,0,6852268,6852268,1930975,0,3214,80.87,2621.73
1770240729.883,772.003,3.03,0.00,32,0,6024112,6860030,0,6860030,6860030,1933815,0,3216,97.50,2816.67
1770240730.894,773.014,3.11,0.00,31,0,6036160,6872755,0,6872755,6872755,1936359,0,3221,94.68,2516.73
1770240731.903,774.023,2.93,0.00,32,0,6044528,6882612,0,6882612,6882612,1938710,0,3225,84.89,2330.57
1770240732.911,775.031,3.02,0.00,32,0,6057344,6896604,0,6896604,6896604,1941353,0,3228,91.60,2620.65
1770240733.922,776.042,3.04,0.00,32,0,6069984,6909605,0,6909605,6909605,1943702,0,3233,97.22,2324.78
1770240734.931,777.051,3.00,0.00,32,0,6073696,6914316,0,6914316,6914316,1946542,0,3235,78.79,2814.15
1770240735.939,778.059,3.09,0.00,32,0,6080672,6922195,0,6922195,6922195,1949056,0,3239,88.54,2492.78
1770240736.947,779.067,2.88,0.00,31,0,6095968,6939019,0,6939019,6939019,1950980,0,3248,90.92,1908.54
1770240737.956,780.075,2.82,0.00,32,0,6098496,6942333,0,6942333,6942278,1953528,0,3251,76.28,2527.68
1770240738.966,781.085,2.91,0.00,32,0,6106928,6951653,0,6951653,6951653,1956173,0,3254,90.47,2618.65
1770240739.975,782.094,2.99,0.00,32,0,6115040,6960577,0,6960577,6960577,1958817,0,3257,90.90,2620.43
1770240740.984,783.104,2.90,0.00,32,0,6116784,6963352,16,6963352,6963352,1961491,0,3261,62.85,2649.76
1770240741.993,784.113,2.99,0.00,32,0,6121808,6969444,16,6969444,6969444,1964169,0,3264,82.47,2652.57
1770240743.003,785.123,2.97,0.00,31,0,6137584,6985876,16,6985876,6980213,1966385,0,3271,96.01,2194.73
1770240744.012,786.132,3.08,0.00,32,0,6139904,6989607,16,6989607,6989607,1969034,0,3273,62.18,2626.04
1770240745.021,787.141,3.16,0.00,32,0,6143344,6993098,16,6993098,6993098,1972006,0,3274,98.54,2945.10
1770240746.029,788.149,3.26,0.00,32,0,6157264,7008626,16,7008626,7005766,1974485,0,3279,89.64,2458.24
1770240747.041,789.161,3.33,0.00,32,0,6165760,7017435,16,7017435,7017435,1976902,0,3283,96.45,2389.02
1770240748.049,790.169,3.41,0.00,32,0,6190528,7045251,16,7045251,7045251,1979059,0,3287,89.04,2139.75
1770240749.059,791.179,3.48,0.00,32,0,6198848,7055095,16,7055095,7055095,1981640,0,3290,84.52,2554.95
1770240750.067,792.187,3.55,0.00,32,0,6205072,7061413,16,7061413,7061413,1984354,0,3292,98.51,2692.25
1770240751.077,793.197,3.36,0.00,32,0,6208240,7065531,16,7065531,7065531,1987027,0,3296,76.93,2647.35
1770240752.086,794.205,3.46,0.00,32,0,6221744,7080351,16,7080351,7075196,1989635,0,3300,91.12,2585.91
1770240753.094,795.214,3.37,0.00,32,0,6240624,7099576,16,7099576,7099576,1991727,0,3306,98.21,2074.07
1770240754.103,796.223,3.47,0.00,32,0,6245792,7106218,16,7106218,7102681,1994468,0,3309,77.81,2718.03
1770240755.111,797.231,3.45,0.00,32,0,6252848,7114723,16,7114723,7111767,1996917,0,3313,82.96,2428.69
1770240756.122,798.242,3.35,0.00,32,0,6252880,7114835,16,7114835,7114835,1999792,0,3314,28.57,2844.70
1770240757.129,799.249,3.17,0.00,32,0,6259008,7121576,16,7121576,7120558,2002269,0,3319,90.91,2458.70
1770240758.137,800.257,3.25,0.00,32,0,6271200,7134720,16,7134720,7131226,2004554,0,3324,92.76,2266.91
1770240759.148,801.268,2.91,0.00,32,0,6273680,7140570,16,7140570,7140570,2006902,0,3330,42.39,2323.17
1770240760.157,802.276,2.99,0.00,32,0,6277296,7145409,16,7145409,7145409,2009580,0,3333,74.73,2654.78
1770240761.165,803.285,3.07,0.00,32,0,6279216,7147365,16,7147365,7147365,2012552,0,3334,98.16,2947.43
1770240762.175,804.295,3.14,0.00,31,0,6284112,7152521,16,7152521,7152521,2015388,0,3338,94.96,2807.90
1770240763.183,805.303,3.12,0.00,32,0,6289152,7158548,16,7158548,7158548,2017902,0,3341,83.62,2493.25
1770240764.194,806.313,3.05,0.00,32,0,6302736,7172329,16,7172329,7172329,2019987,0,3348,98.57,2063.70
1770240765.203,807.323,3.00,0.00,32,0,6308736,7181927,16,7181927,7181927,2022206,0,3354,62.51,2197.71
1770240766.212,808.332,3.11,0.00,32,0,6315520,7190308,16,7190308,7187280,2024882,0,3357,80.94,2653.44
1770240767.221,809.341,3.10,0.00,31,0,6320048,7194951,16,7194951,7194951,2027655,0,3360,97.52,2747.03
1770240768.231,810.351,3.22,0.00,32,0,6326496,7202303,16,7202303,7202303,2030203,0,3363,87.70,2523.61
1770240769.241,811.361,3.30,0.00,31,0,6345280,7221692,16,7221692,7221692,2032582,0,3369,96.88,2355.70
1770240770.249,812.369,3.36,0.00,32,0,6361904,7238539,16,7238539,7238539,2034931,0,3373,98.68,2328.74
1770240771.258,813.378,3.37,0.00,32,0,6368208,7245108,16,7245108,7245108,2037607,0,3376,95.97,2652.57
1770240772.267,814.387,3.44,0.00,32,0,6379968,7257054,16,7257054,7257054,2040152,0,3380,98.44,2523.34
1770240773.278,815.398,3.54,0.00,32,0,6390496,7269268,16,7269268,7267673,2042536,0,3385,86.20,2357.77
1770240774.287,816.407,3.56,0.00,32,0,6397264,7276997,16,7276997,7276997,2044762,0,3390,87.57,2206.25
1770240775.298,817.418,3.53,0.00,32,0,6399152,7280029,16,7280029,7278872,2047506,0,3392,62.27,2713.38
1770240776.307,818.427,3.62,0.00,32,0,6401600,7282978,16,7282978,7282978,2050318,0,3393,83.01,2787.45
1770240777.317,819.436,3.57,0.00,32,0,6407968,7290780,16,7290780,7290780,2052475,0,3399,81.62,2136.72
1770240778.325,820.444,3.41,0.00,32,0,6408048,7292350,16,7292350,7290816,2055252,0,3401,5.10,2755.00
1770240779.333,821.453,3.39,0.00,32,0,6417056,7302167,16,7302167,7299287,2057571,0,3406,91.76,2299.39
1770240780.341,822.461,3.24,0.00,32,0,6431648,7317301,16,7317301,7316413,2060015,0,3411,96.42,2423.85
1770240781.349,823.469,3.08,0.00,32,0,6442576,7328478,16,7328478,7328478,2062463,0,3415,97.77,2428.66
1770240782.360,824.480,3.06,0.00,31,0,6455648,7342209,16,7342209,7338638,2064839,0,3422,95.20,2351.31
1770240783.368,825.488,3.16,0.00,32,0,6463088,7350666,16,7350666,7350666,2067389,0,3424,87.97,2529.60
1770240784.378,826.498,3.21,0.00,31,0,6465136,7353932,16,7353932,7353932,2070067,0,3428,62.71,2650.31
1770240785.387,827.507,3.28,0.00,32,0,6483696,7373310,16,7373310,7371967,2072288,0,3433,95.78,2201.63
1770240786.396,828.516,3.36,0.00,32,0,6490784,7381074,16,7381074,7378975,2074638,0,3438,91.29,2329.97
1770240787.408,829.528,3.24,0.00,32,0,6497152,7389149,16,7389149,7389149,2077021,0,3443,78.86,2354.70
1770240788.416,830.536,3.14,0.00,31,0,6498192,7390913,16,7390913,7390504,2079824,0,3447,58.96,2780.76
1770240789.425,831.545,3.22,0.00,32,0,6502464,7396040,16,7396040,7396040,2082212,0,3450,83.32,2366.75
1770240790.435,832.555,3.22,0.00,32,0,6506960,7401460,16,7401460,7401460,2084693,0,3454,82.95,2454.65
1770240791.444,833.564,3.08,0.00,32,0,6511920,7406834,16,7406834,7403797,2087172,0,3459,92.30,2458.77
1770240792.453,834.573,3.16,0.00,32,0,6517312,7412728,16,7412728,7412728,2089754,0,3462,91.48,2558.83
1770240793.463,835.583,3.19,0.00,32,0,6525952,7423367,16,7423367,7421995,2091937,0,3469,81.21,2161.25
1770240794.471,836.591,3.23,0.00,32,0,6529424,7426996,16,7426996,7426882,2094646,0,3472,95.67,2685.90
1770240795.480,837.600,3.12,0.00,32,0,6536016,7434626,16,7434626,7434626,2096869,0,3477,86.40,2204.00
1770240796.491,838.611,3.19,0.00,32,0,6553072,7451850,16,7451850,7451850,2099377,0,3481,99.02,2480.56
1770240797.500,839.620,3.24,0.00,32,0,6560832,7461644,16,7461644,7461644,2101725,0,3487,79.23,2327.44
1770240798.508,840.628,3.33,0.00,32,0,6570832,7472598,16,7472598,7472598,2104402,0,3490,91.29,2654.40
1770240799.518,841.638,3.34,0.00,32,0,6570848,7473491,16,7473491,7473491,2107374,0,3491,1.79,2943.75
1770240800.528,842.648,3.42,0.00,32,0,6579952,7483822,16,7483822,7483822,2109727,0,3496,88.12,2330.03
1770240801.539,843.659,3.49,0.00,32,0,6589984,7493915,16,7493915,7493915,2112534,0,3498,99.40,2775.49
1770240802.548,844.668,3.58,0.00,32,0,6609120,7514959,16,7514959,7514959,2114786,0,3503,90.93,2232.82
1770240803.557,845.677,3.43,0.00,32,0,6609200,7515775,16,7515775,7515775,2117400,0,3506,9.80,2590.53
1770240804.565,846.685,3.34,0.00,32,0,6617392,7526180,16,7526180,7526180,2119488,0,3513,78.73,2071.17
1770240805.574,847.694,3.42,0.00,32,0,6625824,7535932,16,7535932,7535932,2122001,0,3517,86.46,2491.25
1770240806.582,848.702,3.49,0.00,32,0,6634896,7545708,16,7545708,7545708,2124451,0,3521,92.80,2430.20
1770240807.591,849.710,3.52,0.00,32,0,6650896,7562897,16,7562897,7562897,2126604,0,3527,93.08,2134.55
1770240808.598,850.718,3.36,0.00,32,0,6652480,7564806,16,7564806,7564621,2129313,0,3530,82.98,2687.58
1770240809.607,851.727,3.43,0.00,32,0,6653648,7566055,16,7566055,7566055,2131963,0,3532,93.51,2627.53
1770240810.616,852.736,3.30,0.00,32,0,6662048,7575347,16,7575347,7575347,2134475,0,3536,90.40,2488.72
1770240811.625,853.745,3.28,0.00,32,0,6670304,7584711,16,7584711,7584711,2136725,0,3542,88.17,2231.04
1770240812.650,854.770,3.36,0.00,32,0,6674160,7588878,16,7588878,7588878,2139371,0,3545,92.54,2581.39
1770240813.660,855.780,3.34,0.00,32,0,6685536,7600866,16,7600866,7599940,2141848,0,3551,94.89,2452.26
1770240814.671,856.791,3.44,0.00,32,0,6708320,7626068,16,7626068,7624021,2143701,0,3560,90.41,1832.12
1770240815.680,857.799,3.22,0.00,31,0,6716192,7634180,16,7634180,7634180,2146085,0,3565,97.04,2364.64
1770240816.690,858.810,3.58,0.00,32,0,6731216,7649777,16,7649777,7649777,2148374,0,3569,96.33,2265.81
1770240817.698,859.818,3.66,0.00,31,0,6736464,7655752,16,7655752,7655752,2150923,0,3573,87.83,2528.67
1770240818.707,860.826,3.73,0.00,32,0,6749168,7669084,16,7669084,7669084,2153178,0,3577,95.29,2235.67
1770240819.716,861.836,3.80,0.00,32,0,6756672,7676828,16,7676828,7676828,2155728,0,3580,96.90,2525.88
1770240820.724,862.844,3.70,0.00,32,0,6770544,7691010,16,7691010,7691010,2158175,0,3584,97.81,2427.95
1770240821.734,863.854,3.79,0.00,32,0,6795552,7717069,16,7717069,7717069,2160459,0,3589,95.97,2260.97
1770240822.743,864.863,3.71,0.00,32,0,6807664,7730506,16,7730506,7727786,2162572,0,3598,90.14,2094.58
