bytes,time_ms,bandwidth_gbps
8,0.0053,0.00
16,0.0052,0.01
32,0.0052,0.01
64,0.0052,0.02
128,0.0052,0.05
256,0.0052,0.10
512,0.0052,0.20
1024,0.0052,0.39
2048,0.0053,0.78
4096,0.0053,1.55
8192,0.0054,3.02
16384,0.0054,6.02
32768,0.0055,11.94
65536,0.0056,23.55
131072,0.0057,46.02
262144,0.0058,90.37
524288,0.0060,174.92
1048576,0.0065,322.85
2097152,0.0073,572.01
4194304,0.0085,982.39
8388608,0.0115,1464.47
16777216,0.0174,1924.45
33554432,0.0284,2359.04
67108864,0.0503,2668.08
134217728,0.0939,2857.65
268435456,0.1816,2955.83
536870912,0.3598,2984.55
1073741824,0.7107,3021.67
2147483648,1.4129,3039.73
4294967296,2.8182,3048.04
8589934592,5.6289,3052.09
17179869184,11.2539,3053.14
