DCGM_FI_DEV_SM_CLOCK,  gauge, SM clock frequency (in MHz).
DCGM_FI_DEV_MEM_CLOCK, gauge, Memory clock frequency (in MHz).
DCGM_FI_DEV_MEMORY_TEMP, gauge, Memory temperature (in C).
DCGM_FI_DEV_GPU_TEMP,    gauge, GPU temperature (in C).
DCGM_FI_DEV_POWER_USAGE,              gauge, Power draw (in W).
DCGM_FI_DEV_TOTAL_ENERGY_CONSUMPTION, counter, Total energy consumption since boot (in mJ).
DCGM_FI_DEV_PCIE_REPLAY_COUNTER, counter, Total number of PCIe retries.
DCGM_FI_DEV_GPU_UTIL,      gauge, GPU utilization (in %).
DCGM_FI_DEV_MEM_COPY_UTIL, gauge, Memory utilization (in %).
DCGM_FI_DEV_ENC_UTIL,      gauge, Encoder utilization (in %).
DCGM_FI_DEV_DEC_UTIL ,     gauge, Decoder utilization (in %).
DCGM_FI_DEV_XID_ERRORS,              gauge,   Value of the last XID error encountered.
DCGM_FI_DEV_FB_FREE, gauge, Frame buffer memory free (in MB).
DCGM_FI_DEV_FB_USED, gauge, Frame buffer memory used (in MB).
DCGM_FI_DEV_NVLINK_BANDWIDTH_TOTAL,            counter, Total number of NVLink bandwidth counters for all lanes
DCGM_FI_DEV_UNCORRECTABLE_REMAPPED_ROWS, counter, Number of remapped rows for uncorrectable errors
DCGM_FI_DEV_CORRECTABLE_REMAPPED_ROWS,   counter, Number of remapped rows for correctable errors
DCGM_FI_DEV_ROW_REMAP_FAILURE,           gauge,   Whether remapping of rows has failed
DCGM_FI_DRIVER_VERSION,        label, Driver Version
