start_time_ms,relative_time_sec,ttft_ms,tpot_ms,latency_ms,input_num_turns,input_num_tokens,output_num_tokens,output_num_chunks,output_num_first_chunk_tokens,approx_cached_percent,conversation_id,client_id,interactivity_tok_per_sec
3260652047.422,0.000,427.899,614.294,7185.131,1,3,12,11,1,0.00,60fe65f7722cf58a0f3dfa5973c3545a,3,1.63
3260652047.546,0.000,2703.330,199.105,58054.587,1,615,279,278,1,0.00,b38cb25349da616b2e619db8866413e1,0,5.02
3260652048.063,0.001,427.236,742.765,6369.352,1,2,9,8,1,0.00,f844aa1de544a467b35d5e9975de485d,8,1.35
3260652049.630,0.002,2701.352,228.304,33065.836,1,71,134,133,1,0.00,31c4a0f1d9192380cc126b42fbdb043f,1,4.38
3260652050.380,0.003,2700.851,244.985,18869.851,1,100,67,65,1,0.00,0b6c87ee365839d365a9392414d5f3e8,9,4.08
3260652051.440,0.004,2700.092,199.308,60698.810,1,694,292,291,1,0.00,ea62dfe96300ce6edb3e308969023add,4,5.02
3260652053.183,0.006,2697.687,467.660,9244.929,1,1,15,14,1,0.00,52dbbad0df2cf58f3d1155b04e243ab4,13,2.14
3260652053.261,0.006,2698.086,199.578,60575.774,1,580,291,290,1,0.00,fab30b7ec6019eb96aadbab02fba30da,6,5.01
3260652053.644,0.006,2697.203,204.856,108197.990,1,78,516,515,1,0.00,4c7d74e478c2bf1926a131e58bcb7bc0,5,4.88
3260652054.035,0.007,2697.368,497.920,7178.648,1,4,10,9,1,0.00,69695376f0702ee701a4965acc26f6bd,10,2.01
3260652054.370,0.007,2696.540,490.059,8577.250,1,2,13,12,1,0.00,7ae8ab633231b085fb1ac90847130b2d,11,2.04
3260652055.931,0.009,2694.844,205.094,105652.087,1,910,503,502,1,0.00,2e8d51b0d2061a69011be3ff858a675f,7,4.88
3260652056.609,0.009,2694.575,206.904,51730.846,1,122,238,237,1,0.00,68c4941b40c7746e31899047ed2219f2,12,4.83
3260652059.535,0.012,2691.099,182.842,201440.844,1,1624,1088,1086,1,0.00,e7b349627468931a7711f566bf091711,2,5.47
3260652065.258,0.018,2685.528,197.029,54504.100,1,96,264,263,1,0.00,699a7092b2c2bd3ac366a40ac5701ad0,14,5.08
3260652070.612,0.023,2680.780,239.024,24192.950,1,1103,91,90,1,0.00,80b4a7a3c88bbc65f9aef3a6d987616f,24,4.18
3260652071.064,0.024,2680.218,246.840,18231.150,1,30,64,63,1,0.00,aeba4a588cd9afc7d73587ab494edfbf,29,4.05
3260652071.508,0.024,2679.404,213.196,42973.424,1,137,190,189,1,0.00,bc450057047c78c84492ca73fdeb26eb,23,4.69
3260652072.347,0.025,2678.511,203.694,97599.890,1,263,467,464,1,0.00,c787fa0998dcf6c44ff40078ff2b8329,15,4.91
3260652072.739,0.025,2678.066,245.804,22833.984,1,88,83,82,1,0.00,7d5e179e9c4fc50b2384c40286a0ff9f,26,4.07
3260652072.819,0.025,2678.683,208.848,117545.215,1,336,551,550,1,0.00,f3aee7fd369034741acc0eb3557ae830,21,4.79
3260652073.831,0.026,2644.671,213.810,44123.806,1,419,195,179,3,0.00,070daef319038ec5b3a9cb631fd52d78,22,4.68
3260652074.616,0.027,2676.788,206.219,93413.064,1,118,441,440,1,0.00,62c9fd686a02c844e4299d3ca5309462,28,4.85
3260652074.705,0.027,2676.150,204.182,99458.280,1,29,475,476,1,0.00,4be2c14164b6bfead5942082d6adf748,20,4.90
3260652075.215,0.028,2675.646,195.507,68757.163,1,11,339,338,1,0.00,460a1807aac68cb7896480e0f45fd2e7,31,5.11
3260652075.239,0.028,2676.088,186.654,153866.127,1,665,811,810,1,0.00,7524a2f1eaff53b10a9d1cd6cb77253a,17,5.36
3260652075.401,0.028,2675.347,205.677,102634.469,1,105,487,486,1,0.00,170da665c9cb94631f97c2ac238bfb62,27,4.86
3260652075.626,0.028,2675.257,203.365,98460.215,1,34,472,471,1,0.00,e86ba2818239775097ad6375120b8f3e,19,4.92
3260652075.793,0.028,2675.059,205.930,119643.560,1,618,569,568,1,0.00,4b1e5b50332ff45ec78b6471c7544248,16,4.86
3260652076.906,0.029,2674.503,191.456,143969.269,1,1856,739,722,1,0.00,5248d04c306b6c3819807ab60175b2b1,18,5.22
3260652077.325,0.030,2674.201,205.846,111978.402,1,74,532,531,1,0.00,631242caf8d90337b71b35327df66e7d,30,4.86
3260652080.546,0.033,2670.216,183.142,198632.302,1,1002,1071,1070,1,0.00,015e27419e5943540d227b9e685bb665,25,5.46
3260658420.014,6.373,812.593,362.788,4803.256,3,12,12,11,1,91.67,f844aa1de544a467b35d5e9975de485d,8,2.76
3260659235.249,7.188,1108.419,344.248,6960.641,3,50,18,17,1,28.00,69695376f0702ee701a4965acc26f6bd,10,2.90
3260659237.898,7.190,1393.721,190.385,71074.642,3,1113,367,366,1,1.35,60fe65f7722cf58a0f3dfa5973c3545a,3,5.25
3260660645.827,8.598,1252.890,181.872,204768.199,3,847,1120,1120,1,1.77,7ae8ab633231b085fb1ac90847130b2d,11,5.50
3260661302.655,9.255,1550.842,188.471,43014.507,3,333,221,220,1,4.80,52dbbad0df2cf58f3d1155b04e243ab4,13,5.31
3260663227.218,11.180,932.589,188.482,30335.722,5,31,157,156,1,77.42,f844aa1de544a467b35d5e9975de485d,8,5.31
3260666198.673,14.151,850.441,125.894,5760.290,5,83,40,39,1,81.93,69695376f0702ee701a4965acc26f6bd,10,7.94
3260670308.905,18.261,611.360,199.252,80511.234,3,301,402,401,1,31.23,aeba4a588cd9afc7d73587ab494edfbf,29,5.02
3260670925.070,18.878,611.666,220.219,12943.916,3,196,57,55,1,85.20,0b6c87ee365839d365a9392414d5f3e8,9,4.54
3260671969.813,19.922,726.341,180.612,156775.161,7,864,865,864,1,14.24,69695376f0702ee701a4965acc26f6bd,10,5.54
3260674911.451,22.864,800.793,189.681,13888.816,3,265,70,69,1,64.53,7d5e179e9c4fc50b2384c40286a0ff9f,26,5.27
3260676279.695,24.232,486.025,209.765,12023.109,3,1202,56,55,1,99.33,80b4a7a3c88bbc65f9aef3a6d987616f,24,4.77
3260683880.610,31.833,454.307,186.496,206719.171,5,1139,1107,1106,1,22.21,0b6c87ee365839d365a9392414d5f3e8,9,5.36
3260685121.046,33.074,1172.689,176.789,17437.243,3,257,93,92,1,79.77,31c4a0f1d9192380cc126b42fbdb043f,1,5.66
3260688308.384,36.261,443.742,183.968,12585.650,5,1262,67,66,1,99.68,80b4a7a3c88bbc65f9aef3a6d987616f,24,5.44
3260688804.953,36.758,359.089,190.953,13725.806,5,364,71,70,1,92.03,7d5e179e9c4fc50b2384c40286a0ff9f,26,5.24
3260693567.801,41.520,320.997,185.245,36443.761,7,195,196,195,1,96.41,f844aa1de544a467b35d5e9975de485d,8,5.40
3260695053.702,43.006,564.952,203.648,77951.039,3,632,381,380,1,51.74,bc450057047c78c84492ca73fdeb26eb,23,4.91
3260696208.955,44.162,1012.903,180.491,80068.158,3,655,439,425,3,93.74,070daef319038ec5b3a9cb631fd52d78,22,5.54
3260700899.306,48.852,831.255,146.562,9771.546,7,1414,62,61,1,93.99,80b4a7a3c88bbc65f9aef3a6d987616f,24,6.82
3260702541.407,50.494,651.390,185.063,187009.690,7,1141,1008,1007,1,38.12,7d5e179e9c4fc50b2384c40286a0ff9f,26,5.40
3260702564.136,50.517,771.038,200.587,45301.281,5,406,223,222,1,86.21,31c4a0f1d9192380cc126b42fbdb043f,1,4.99
3260703795.593,51.748,586.628,207.511,44993.911,3,428,215,214,1,84.11,68c4941b40c7746e31899047ed2219f2,12,4.82
3260704326.078,52.279,363.177,205.918,66462.772,5,573,322,321,1,96.68,52dbbad0df2cf58f3d1155b04e243ab4,13,4.86
3260706578.626,54.531,1014.960,179.796,99363.318,3,621,548,547,1,57.97,699a7092b2c2bd3ac366a40ac5701ad0,14,5.56
3260710118.020,58.071,827.424,213.166,61366.519,3,899,285,284,1,99.44,b38cb25349da616b2e619db8866413e1,0,4.69
3260710676.361,58.629,799.799,213.566,30699.083,9,1639,141,140,1,90.05,80b4a7a3c88bbc65f9aef3a6d987616f,24,4.68
3260712644.708,60.597,486.545,215.920,59432.599,3,881,274,273,1,98.86,fab30b7ec6019eb96aadbab02fba30da,6,4.63
3260712761.792,60.714,739.288,211.907,47570.705,3,994,222,222,1,99.20,ea62dfe96300ce6edb3e308969023add,4,4.72
3260720841.512,68.794,378.402,176.610,95394.544,3,412,539,538,1,84.95,460a1807aac68cb7896480e0f45fd2e7,31,5.66
3260730015.388,77.968,674.952,275.838,4536.690,9,2238,15,12,1,17.47,f844aa1de544a467b35d5e9975de485d,8,3.63
3260730331.334,78.284,247.809,183.458,54918.319,5,1485,299,298,1,99.66,60fe65f7722cf58a0f3dfa5973c3545a,3,5.45
3260734570.570,82.523,1094.876,172.638,113999.961,1,268,655,642,1,0.00,e0af25ff7ad01e92afde1369042e1af2,8,5.79
3260741381.751,89.334,869.965,225.886,27524.503,11,1788,119,118,1,99.55,80b4a7a3c88bbc65f9aef3a6d987616f,24,4.43
3260745496.569,93.449,933.851,155.620,63648.712,3,575,404,403,1,97.22,62c9fd686a02c844e4299d3ca5309462,28,6.43
3260747872.416,95.825,819.329,164.466,39962.228,7,719,239,238,1,87.48,31c4a0f1d9192380cc126b42fbdb043f,1,6.08
3260748795.475,96.748,122.862,167.096,33207.945,5,659,199,198,1,97.57,68c4941b40c7746e31899047ed2219f2,12,5.98
3260749682.872,97.635,563.815,162.442,79348.362,3,936,486,481,1,77.99,c787fa0998dcf6c44ff40078ff2b8329,15,6.16
3260750543.032,98.496,728.897,165.641,34685.245,3,516,206,205,1,98.06,e86ba2818239775097ad6375120b8f3e,19,6.04
3260750829.048,98.782,660.812,173.451,44890.918,5,874,256,256,1,80.43,aeba4a588cd9afc7d73587ab494edfbf,29,5.77
3260751540.098,99.493,768.536,149.492,24836.794,3,641,162,161,1,78.63,4be2c14164b6bfead5942082d6adf748,20,6.69
3260754723.082,102.676,1366.596,180.502,131688.684,3,1348,723,721,1,43.92,170da665c9cb94631f97c2ac238bfb62,27,5.54
3260757723.221,105.676,541.946,152.684,44973.041,3,1430,292,291,1,98.81,2e8d51b0d2061a69011be3ff858a675f,7,6.55
3260760261.652,108.214,240.738,153.627,60616.307,3,603,394,393,1,98.51,4c7d74e478c2bf1926a131e58bcb7bc0,5,6.51
3260760337.837,108.290,600.297,280.224,5644.322,5,1224,19,18,1,99.35,ea62dfe96300ce6edb3e308969023add,4,3.57
3260764065.511,112.018,1021.159,163.242,86396.813,3,617,524,523,1,98.22,631242caf8d90337b71b35327df66e7d,30,6.13
3260765986.439,113.939,855.031,224.059,5112.156,7,1249,20,20,1,99.52,ea62dfe96300ce6edb3e308969023add,4,4.46
3260768912.328,116.865,642.502,80.259,7303.998,13,2054,84,83,1,92.84,80b4a7a3c88bbc65f9aef3a6d987616f,24,12.46
3260769627.743,117.580,614.786,146.977,68077.318,3,900,460,459,1,98.56,f3aee7fd369034741acc0eb3557ae830,21,6.80
3260770795.435,118.748,689.186,149.741,60435.719,7,1657,400,399,1,54.01,52dbbad0df2cf58f3d1155b04e243ab4,13,6.68
3260771102.925,119.056,600.698,136.190,18577.818,9,1518,133,134,1,83.60,ea62dfe96300ce6edb3e308969023add,4,7.34
3260771491.603,119.444,227.883,131.108,37724.846,5,1191,287,286,1,99.41,b38cb25349da616b2e619db8866413e1,0,7.63
3260771732.936,119.686,1078.718,177.682,114972.846,3,1242,642,641,1,95.57,4b1e5b50332ff45ec78b6471c7544248,16,5.63
3260772084.105,120.037,1165.393,61.603,5600.792,5,1166,73,72,1,99.06,fab30b7ec6019eb96aadbab02fba30da,6,16.23
3260773014.842,120.967,655.958,128.477,28150.062,5,1162,215,214,1,87.18,bc450057047c78c84492ca73fdeb26eb,23,7.78
3260776223.556,124.176,153.712,225.164,18617.138,15,2144,83,82,1,99.72,80b4a7a3c88bbc65f9aef3a6d987616f,24,4.44
3260776284.393,124.237,743.316,180.681,86747.639,5,1098,477,471,3,99.64,070daef319038ec5b3a9cb631fd52d78,22,5.53
3260776384.179,124.337,1296.474,163.869,27515.456,5,1004,161,160,1,79.98,4be2c14164b6bfead5942082d6adf748,20,6.10
3260777692.275,125.645,453.722,168.424,53843.990,7,1253,318,317,1,98.88,fab30b7ec6019eb96aadbab02fba30da,6,5.94
3260782009.736,129.962,964.755,157.547,41454.422,7,908,258,257,1,94.49,68c4941b40c7746e31899047ed2219f2,12,6.35
3260785234.891,133.187,323.224,181.812,90683.739,5,760,498,497,1,95.00,e86ba2818239775097ad6375120b8f3e,19,5.50
3260785256.927,133.210,821.963,152.712,47399.180,7,1788,306,305,1,99.78,60fe65f7722cf58a0f3dfa5973c3545a,3,6.55
3260787841.457,135.794,737.221,158.241,37449.232,9,1078,233,232,1,88.87,31c4a0f1d9192380cc126b42fbdb043f,1,6.32
3260789686.331,137.639,782.952,129.077,20144.444,11,1664,151,151,1,99.22,ea62dfe96300ce6edb3e308969023add,4,7.75
3260794851.211,142.804,783.756,178.560,77028.718,1,438,428,427,1,0.00,f0ee2034e9b532a22ef765fc676046e8,24,5.60
3260795728.225,143.681,155.067,189.750,107363.662,7,2095,566,565,1,53.94,aeba4a588cd9afc7d73587ab494edfbf,29,5.27
3260796065.717,144.018,389.015,183.327,119551.788,3,2618,651,646,1,99.12,5248d04c306b6c3819807ab60175b2b1,18,5.45
3260801173.186,149.126,788.390,179.437,59284.856,7,1632,327,326,1,84.38,bc450057047c78c84492ca73fdeb26eb,23,5.57
3260802702.965,150.656,427.897,194.452,76264.289,5,1750,391,390,1,98.40,2e8d51b0d2061a69011be3ff858a675f,7,5.14
3260803906.105,151.859,854.517,155.042,34188.604,7,1367,216,215,1,85.22,4be2c14164b6bfead5942082d6adf748,20,6.45
3260805953.273,153.906,747.931,182.222,118463.525,5,1356,647,646,1,86.21,699a7092b2c2bd3ac366a40ac5701ad0,14,5.49
3260805955.209,153.908,747.256,152.831,128514.051,3,1490,837,836,1,99.06,7524a2f1eaff53b10a9d1cd6cb77253a,17,6.54
3260809154.984,157.108,389.862,180.648,122327.297,5,989,676,675,1,98.99,62c9fd686a02c844e4299d3ca5309462,28,5.54
3260809222.287,157.175,852.409,168.422,24431.439,7,1741,141,140,1,84.89,b38cb25349da616b2e619db8866413e1,0,5.94
3260809835.932,157.789,520.400,193.605,38079.712,13,1824,195,194,1,99.51,ea62dfe96300ce6edb3e308969023add,4,5.17
3260816246.245,164.199,118.541,178.097,115169.208,5,981,647,646,1,96.94,460a1807aac68cb7896480e0f45fd2e7,31,5.61
3260820886.557,168.839,814.216,208.135,76367.371,5,1017,364,363,1,98.03,4c7d74e478c2bf1926a131e58bcb7bc0,5,4.80
3260823471.546,171.424,738.030,208.795,47508.076,9,1191,225,224,1,97.90,68c4941b40c7746e31899047ed2219f2,12,4.79
3260825296.678,173.249,721.577,197.253,41947.509,11,1412,210,209,1,92.85,31c4a0f1d9192380cc126b42fbdb043f,1,5.07
3260828757.745,176.710,158.670,149.660,105668.806,9,1737,706,705,1,99.54,69695376f0702ee701a4965acc26f6bd,10,6.68
3260829039.951,176.993,350.892,187.825,94638.889,5,1434,503,502,1,99.16,c787fa0998dcf6c44ff40078ff2b8329,15,5.32
3260831244.202,179.197,240.947,200.394,80398.412,1,55,401,400,1,0.00,d6bba3398f71a5bbefbc9dfe1bcd147e,13,4.99
3260831542.404,179.495,556.581,210.433,35698.960,9,1585,168,168,1,99.12,fab30b7ec6019eb96aadbab02fba30da,6,4.75
3260832662.839,180.615,355.002,202.612,8459.491,1,59,41,40,1,0.00,c8dbc2e9ce44f699c8d230a053f09007,3,4.94
3260833660.559,181.613,1138.349,167.077,2976.199,1,1214,12,11,1,0.00,2ff9b8fad692a3cfb34b341519f83157,0,5.99
3260836644.367,184.597,540.258,257.663,10331.449,3,1234,39,38,1,99.35,2ff9b8fad692a3cfb34b341519f83157,0,3.88
3260837712.202,185.665,805.610,155.237,121890.494,5,1591,781,780,1,85.48,f3aee7fd369034741acc0eb3557ae830,21,6.44
3260838100.687,186.053,940.028,238.257,51450.473,9,1833,213,212,1,86.36,4be2c14164b6bfead5942082d6adf748,20,4.20
3260841123.674,189.076,965.618,246.384,9589.050,3,106,36,35,1,94.34,c8dbc2e9ce44f699c8d230a053f09007,3,4.06
3260846984.724,194.937,937.910,141.311,366086.548,5,1290,2585,2585,1,98.68,2ff9b8fad692a3cfb34b341519f83157,0,7.08
3260847923.222,195.876,647.107,152.746,85420.952,1,19,556,555,1,0.00,684f4f88c51830cb6c2e7be6e8a1960a,4,6.55
3260848576.046,196.529,1185.608,143.969,93613.864,3,1619,643,632,1,57.01,e0af25ff7ad01e92afde1369042e1af2,8,6.95
3260850471.405,198.424,285.398,148.399,109507.371,5,2019,737,736,1,56.51,631242caf8d90337b71b35327df66e7d,30,6.74
3260850714.219,198.667,410.417,225.068,12113.929,5,201,53,52,1,70.65,c8dbc2e9ce44f699c8d230a053f09007,3,4.44
3260850735.096,198.688,555.080,146.752,276008.018,3,2081,1878,1877,1,99.62,015e27419e5943540d227b9e685bb665,25,6.81
3260853518.607,201.471,918.693,143.565,94666.768,3,2730,654,653,1,99.34,e7b349627468931a7711f566bf091711,2,6.97
3260860467.375,208.420,921.329,175.468,70581.995,9,2236,398,397,1,87.61,bc450057047c78c84492ca73fdeb26eb,23,5.70
3260862830.619,210.783,1455.793,220.814,39435.830,7,825,173,172,1,30.79,c8dbc2e9ce44f699c8d230a053f09007,3,4.53
3260863038.176,210.991,1079.147,190.160,52422.333,7,1576,271,260,3,99.94,070daef319038ec5b3a9cb631fd52d78,22,5.26
3260865427.322,213.380,927.104,228.019,24185.074,5,1980,103,102,1,99.34,7ae8ab633231b085fb1ac90847130b2d,11,4.39
3260867247.864,215.200,1310.775,321.266,3880.905,1,1,9,8,1,0.00,42348c3983b66bd66952d39e27ef6d1d,6,3.11
3260867250.864,215.203,1308.789,170.139,52350.630,13,1733,301,300,1,93.59,31c4a0f1d9192380cc126b42fbdb043f,1,5.88
3260870985.514,218.938,453.093,171.450,53431.281,11,1694,310,309,1,83.59,68c4941b40c7746e31899047ed2219f2,12,5.83
3260871130.147,219.083,397.972,182.903,39905.031,3,17,217,216,1,58.82,42348c3983b66bd66952d39e27ef6d1d,6,5.47
3260871885.652,219.838,1016.973,124.814,62425.488,3,888,493,492,1,97.52,f0ee2034e9b532a22ef765fc676046e8,24,8.01
3260875930.620,223.883,972.233,148.310,315537.924,7,2895,2122,2121,1,43.45,e86ba2818239775097ad6375120b8f3e,19,6.74
3260878974.185,226.927,1119.202,177.083,30515.027,7,2396,167,166,1,89.36,2e8d51b0d2061a69011be3ff858a675f,7,5.65
3260886427.094,234.380,862.618,122.600,72215.714,5,2179,583,581,1,95.04,170da665c9cb94631f97c2ac238bfb62,27,8.16
3260886715.207,234.668,742.013,127.878,105985.972,5,1932,824,823,1,97.52,4b1e5b50332ff45ec78b6471c7544248,16,7.82
3260889558.747,237.511,428.047,114.561,51980.559,11,2062,451,451,1,99.22,4be2c14164b6bfead5942082d6adf748,20,8.73
3260889563.050,237.516,423.678,173.135,18776.000,9,2162,107,106,1,99.40,7d5e179e9c4fc50b2384c40286a0ff9f,26,5.78
3260889620.957,237.574,971.771,118.263,61522.627,7,2094,513,512,1,99.47,7ae8ab633231b085fb1ac90847130b2d,11,8.46
3260890613.743,238.566,981.106,162.587,13500.301,7,2259,78,77,1,99.42,0b6c87ee365839d365a9392414d5f3e8,9,6.15
3260897261.095,245.214,819.968,104.480,36238.724,7,1407,340,339,1,98.15,4c7d74e478c2bf1926a131e58bcb7bc0,5,9.57
3260902273.317,250.226,818.938,122.636,8422.376,9,1009,63,62,1,98.91,c8dbc2e9ce44f699c8d230a053f09007,3,8.15
3260903107.639,251.060,620.610,120.326,130091.728,9,2679,1077,1076,1,99.33,aeba4a588cd9afc7d73587ab494edfbf,29,8.31
3260904125.701,252.078,651.372,127.488,120489.789,9,2719,941,940,1,85.95,0b6c87ee365839d365a9392414d5f3e8,9,7.84
3260908348.664,256.301,120.511,122.529,87361.226,11,2645,713,713,1,85.78,7d5e179e9c4fc50b2384c40286a0ff9f,26,8.16
3260909498.965,257.452,679.359,132.234,113739.276,1,1080,856,855,1,0.00,4d58909b29839b72327ac0fa5156ceac,7,7.56
3260910702.550,258.655,939.732,120.824,84308.340,1,1896,691,690,1,0.00,471151ebed118a6b49ca950440221a6a,3,8.28
3260911041.807,258.994,1207.826,141.106,187185.078,5,1587,1319,1318,1,14.74,42348c3983b66bd66952d39e27ef6d1d,6,7.09
3260911645.801,259.598,1234.400,96.093,4693.760,3,460,37,36,1,99.13,d6bba3398f71a5bbefbc9dfe1bcd147e,13,10.41
3260915467.076,263.420,0.100,116.528,55987.763,9,2563,482,471,3,72.06,070daef319038ec5b3a9cb631fd52d78,22,8.58
3260915629.495,263.582,129.897,131.526,104035.570,5,3318,791,782,1,98.52,5248d04c306b6c3819807ab60175b2b1,18,7.60
3260916343.322,264.296,377.819,89.684,28269.488,5,564,312,311,1,88.12,d6bba3398f71a5bbefbc9dfe1bcd147e,13,11.15
3260919608.979,267.562,325.272,88.277,21953.165,15,2112,246,245,1,96.31,31c4a0f1d9192380cc126b42fbdb043f,1,11.33
3260923685.842,271.638,1101.657,120.167,61305.419,7,1943,502,497,1,99.69,c787fa0998dcf6c44ff40078ff2b8329,15,8.32
3260924425.163,272.378,1095.383,76.241,21299.377,7,2065,266,265,1,97.00,699a7092b2c2bd3ac366a40ac5701ad0,14,13.12
3260924426.634,272.379,1098.200,117.477,67942.602,13,2024,570,566,1,99.01,68c4941b40c7746e31899047ed2219f2,12,8.51
3260931061.095,279.014,127.064,133.118,86520.801,11,2652,650,649,1,99.32,bc450057047c78c84492ca73fdeb26eb,23,7.51
3260931422.986,279.376,164.159,107.226,34261.926,7,1645,319,318,1,98.97,460a1807aac68cb7896480e0f45fd2e7,31,9.33
3260931492.385,279.445,150.144,128.302,92912.773,7,2640,724,723,1,63.07,62c9fd686a02c844e4299d3ca5309462,28,7.79
3260933348.552,281.301,109.583,150.317,50916.662,3,592,339,338,1,97.13,684f4f88c51830cb6c2e7be6e8a1960a,4,6.65
3260933508.229,281.461,155.095,150.481,77652.805,9,1808,516,515,1,96.63,4c7d74e478c2bf1926a131e58bcb7bc0,5,6.65
3260934316.393,282.269,109.955,166.476,49886.229,5,1919,300,299,1,71.96,f0ee2034e9b532a22ef765fc676046e8,24,6.01
3260934438.850,282.391,195.176,159.064,169597.940,1,252,1066,1065,1,0.00,f853907b80ff7808bcfce737b11bc160,10,6.29
3260934480.347,282.433,388.558,151.731,148629.785,5,2472,978,977,1,94.13,7524a2f1eaff53b10a9d1cd6cb77253a,17,6.59
3260941546.431,289.499,156.432,151.213,50056.609,13,2854,331,282,1,88.05,4be2c14164b6bfead5942082d6adf748,20,6.61
3260941569.572,289.522,133.149,133.868,5755.602,1,723,43,37,1,0.00,45f21cf3c7bdfd05522388cb7ea1b149,1,7.47
3260942201.052,290.154,965.011,132.663,95022.867,5,2273,710,701,1,99.52,e0af25ff7ad01e92afde1369042e1af2,8,7.54
3260944618.226,292.571,103.918,163.217,69797.706,7,1403,428,427,1,62.44,d6bba3398f71a5bbefbc9dfe1bcd147e,13,6.13
3260945734.143,293.687,831.425,150.267,178447.557,9,2399,1183,1182,1,97.17,699a7092b2c2bd3ac366a40ac5701ad0,14,6.65
3260947334.680,295.287,251.334,246.827,2719.608,3,770,11,7,4,99.48,45f21cf3c7bdfd05522388cb7ea1b149,1,4.05
3260948195.306,296.148,451.452,144.002,83684.407,5,3485,579,578,1,97.10,e7b349627468931a7711f566bf091711,2,6.94
3260950057.748,298.010,862.986,153.638,3013.919,5,786,15,10,1,99.36,45f21cf3c7bdfd05522388cb7ea1b149,1,6.51
3260951151.637,299.104,705.783,161.476,24604.194,9,2619,149,148,1,99.54,7ae8ab633231b085fb1ac90847130b2d,11,6.19
3260953074.573,301.027,341.989,66.781,1143.357,7,803,13,11,1,99.75,45f21cf3c7bdfd05522388cb7ea1b149,1,14.97
3260954220.913,302.173,887.327,349.905,3686.570,9,823,9,7,1,99.15,45f21cf3c7bdfd05522388cb7ea1b149,1,2.86
3260957910.395,305.863,1105.097,157.823,4103.729,11,840,20,16,1,99.05,45f21cf3c7bdfd05522388cb7ea1b149,1,6.34
3260958654.687,306.607,1325.865,138.458,97138.543,7,3387,693,692,1,81.55,170da665c9cb94631f97c2ac238bfb62,27,7.22
3260959613.119,307.566,928.059,146.128,121483.517,7,2637,826,825,1,89.95,f3aee7fd369034741acc0eb3557ae830,21,6.84
3260959991.744,307.944,838.366,139.048,104846.383,7,2759,749,748,1,99.89,631242caf8d90337b71b35327df66e7d,30,7.19
3260962020.957,309.974,116.292,151.803,181369.075,1,992,1195,1194,1,0.00,773da1eb4b236d2ef9162a23175227c8,1,6.59
3260965695.537,313.648,345.522,162.870,50020.886,9,2028,306,305,1,96.84,460a1807aac68cb7896480e0f45fd2e7,31,6.14
3260971465.812,319.418,771.693,136.933,89367.215,1,733,648,647,1,0.00,be0493050e2a94ae5b243e66f5107a41,22,7.30
3260975764.326,323.717,956.459,123.444,65394.445,11,2771,523,522,1,99.89,7ae8ab633231b085fb1ac90847130b2d,11,8.10
3260984210.146,332.163,364.475,121.008,48283.683,7,2232,397,396,1,99.42,f0ee2034e9b532a22ef765fc676046e8,24,8.26
3260984273.824,332.226,658.619,143.801,97868.280,5,1232,677,676,1,75.57,684f4f88c51830cb6c2e7be6e8a1960a,4,6.95
3260984999.943,332.953,929.229,116.734,50657.939,9,2763,427,426,1,88.49,c787fa0998dcf6c44ff40078ff2b8329,15,8.57
3260991613.574,339.566,124.417,163.766,109356.617,1,427,668,667,1,0.00,1765011d5cc483902bf1645423199c26,20,6.11
3260992380.244,340.333,644.910,144.384,134344.851,15,2690,927,715,1,96.43,68c4941b40c7746e31899047ed2219f2,12,6.93
3260992711.518,340.664,394.570,156.075,156469.150,7,3030,1001,1000,1,90.96,4b1e5b50332ff45ec78b6471c7544248,16,6.41
3260995032.403,342.985,278.757,140.705,60782.105,3,2597,431,430,1,99.61,471151ebed118a6b49ca950440221a6a,3,7.11
3260995724.687,343.677,160.973,158.214,83223.276,1,1889,526,525,1,0.00,d67ebe30719015c217a717a80e5bc2c2,26,6.32
3261011174.418,359.127,825.558,162.178,98943.363,11,2410,606,605,1,96.43,4c7d74e478c2bf1926a131e58bcb7bc0,5,6.17
3261014427.731,362.380,281.970,127.543,51044.026,9,1837,399,398,1,99.67,d6bba3398f71a5bbefbc9dfe1bcd147e,13,7.84
3261015726.413,363.679,893.282,140.895,114314.080,11,3031,806,805,1,77.00,460a1807aac68cb7896480e0f45fd2e7,31,7.10
3261017593.862,365.546,1194.420,151.172,99002.920,1,1152,648,647,1,0.00,6b8e9ab95d75ce5e69f5a4a6973a78df,23,6.61
3261019676.138,367.629,343.772,152.393,97570.190,7,4116,639,622,1,99.83,5248d04c306b6c3819807ab60175b2b1,18,6.56
3261023250.176,371.203,122.545,145.616,100888.994,3,1949,693,692,1,99.33,4d58909b29839b72327ac0fa5156ceac,7,6.87
3261024419.940,372.373,126.218,153.145,55105.326,9,3374,360,359,1,99.70,62c9fd686a02c844e4299d3ca5309462,28,6.53
3261024636.840,372.589,106.131,168.706,89520.510,1,19,531,530,1,0.00,21dbc6851c9ef0ba72e0959a47a8bb51,9,5.93
3261031898.450,379.851,116.998,162.637,157224.809,7,4074,967,966,1,99.75,e7b349627468931a7711f566bf091711,2,6.15
3261032500.061,380.453,117.197,122.472,10894.730,1,42,89,88,1,0.00,2da3574d00a9855934e054deca05cd9f,24,8.17
3261033210.050,381.163,489.336,207.280,74488.292,1,430,358,357,1,0.00,444182fadeb45ae4052f735290aa0c5a,29,4.82
3261035674.931,383.628,544.373,165.384,97459.572,11,3228,587,580,1,98.82,c787fa0998dcf6c44ff40078ff2b8329,15,6.05
3261037234.736,385.187,125.111,176.796,109561.622,7,2988,620,611,1,99.83,e0af25ff7ad01e92afde1369042e1af2,8,5.66
3261041167.718,389.120,1294.029,202.848,39632.331,1,265,190,189,1,0.00,e30178bffe67611ba03397118430bcfc,11,4.93
3261043396.492,391.349,848.396,230.979,12397.350,3,264,51,50,1,49.62,2da3574d00a9855934e054deca05cd9f,24,4.33
3261055798.139,403.751,331.418,170.301,122777.542,5,720,720,719,1,43.75,2da3574d00a9855934e054deca05cd9f,24,5.87
3261055810.171,403.763,652.216,140.233,154347.784,1,1405,1097,1096,1,0.00,a70af3864a8a96267189867a1e25ee14,27,7.13
3261055824.179,403.777,866.672,146.189,206700.301,5,3042,1409,1408,1,99.54,471151ebed118a6b49ca950440221a6a,3,6.84
3261060840.017,408.793,118.160,167.605,106044.690,3,1415,633,632,1,97.60,be0493050e2a94ae5b243e66f5107a41,22,5.97
3261064848.455,412.801,693.342,174.680,93797.874,9,3533,534,532,1,99.29,631242caf8d90337b71b35327df66e7d,30,5.72
3261065479.777,413.432,611.896,173.714,100497.255,11,2253,576,575,1,99.25,d6bba3398f71a5bbefbc9dfe1bcd147e,13,5.76
3261078959.595,426.912,124.272,210.114,23026.647,3,2423,110,104,1,99.67,d67ebe30719015c217a717a80e5bc2c2,26,4.76
3261079538.381,427.491,290.416,164.454,96989.544,11,3747,589,588,1,99.65,62c9fd686a02c844e4299d3ca5309462,28,6.08
3261080803.525,428.756,749.357,173.475,42036.457,3,752,239,238,1,60.51,e30178bffe67611ba03397118430bcfc,11,5.76
3261081114.424,429.067,728.846,142.323,193718.789,9,3472,1357,1356,1,99.74,f3aee7fd369034741acc0eb3557ae830,21,7.03
3261082153.530,430.106,956.552,149.918,113845.105,7,1918,754,753,1,99.53,684f4f88c51830cb6c2e7be6e8a1960a,4,6.67
3261083123.495,431.076,1254.372,159.852,97965.090,7,3583,606,605,1,96.29,7524a2f1eaff53b10a9d1cd6cb77253a,17,6.26
3261098250.429,446.203,755.313,132.680,165941.558,7,2915,1246,1245,1,99.69,42348c3983b66bd66952d39e27ef6d1d,6,7.54
3261100976.912,448.929,836.937,144.180,59374.038,3,1117,407,406,1,98.03,1765011d5cc483902bf1645423199c26,20,6.94
3261101993.191,449.946,202.143,155.724,12037.181,5,2551,77,76,1,99.29,d67ebe30719015c217a717a80e5bc2c2,26,6.42
3261104047.037,452.000,954.277,139.362,272850.430,3,1343,1952,1951,1,98.14,f853907b80ff7808bcfce737b11bc160,10,7.18
3261107703.744,455.656,916.019,139.929,54228.998,3,1267,382,381,1,62.19,444182fadeb45ae4052f735290aa0c5a,29,7.15
3261110128.276,458.081,565.701,135.236,88198.427,13,3224,649,648,1,93.55,4c7d74e478c2bf1926a131e58bcb7bc0,5,7.39
3261114037.970,461.991,120.008,125.555,8281.085,7,2641,66,61,1,99.51,d67ebe30719015c217a717a80e5bc2c2,26,7.96
3261114163.083,462.116,1098.012,115.161,98408.789,3,555,846,845,1,99.10,21dbc6851c9ef0ba72e0959a47a8bb51,9,8.68
3261116606.581,464.559,346.173,117.199,97152.726,3,1815,827,826,1,99.17,6b8e9ab95d75ce5e69f5a4a6973a78df,23,8.53
3261117259.046,465.212,945.925,127.990,121896.758,1,153,946,945,1,0.00,720ea04a1676f663e2b4f29295321b7a,18,7.81
3261122326.648,470.279,348.625,37.464,3046.066,9,2729,73,66,1,99.19,d67ebe30719015c217a717a80e5bc2c2,26,26.69
3261122845.334,470.798,180.844,154.985,36292.458,5,1300,234,233,1,76.23,e30178bffe67611ba03397118430bcfc,11,6.45
3261124145.748,472.098,200.464,158.250,71413.174,5,2648,451,450,1,99.77,4d58909b29839b72327ac0fa5156ceac,7,6.32
3261124196.385,472.149,886.759,125.713,87376.982,11,3693,689,688,1,96.99,699a7092b2c2bd3ac366a40ac5701ad0,14,7.95
3261125380.835,473.333,327.123,201.365,35565.912,1,187,176,175,1,0.00,592123adc64894f7a46757fec57b0ac9,26,4.97
3261126740.072,474.693,441.192,144.110,186631.134,1,296,1293,1292,1,0.00,03b474522dd39716ed807d1bc31b9753,12,6.94
3261126758.382,474.711,421.278,144.591,178123.213,5,3978,1230,1229,1,99.52,015e27419e5943540d227b9e685bb665,25,6.92
3261130055.579,478.008,526.209,135.585,75640.412,1,179,555,554,1,0.00,9087c37dc9f08d05a8e9b1ad0ec312bf,31,7.38
3261133144.354,481.097,638.052,126.125,76691.677,13,3832,604,590,1,99.56,c787fa0998dcf6c44ff40078ff2b8329,15,7.93
3261143405.230,491.358,1015.941,137.988,142591.364,3,2201,1027,1026,1,99.36,773da1eb4b236d2ef9162a23175227c8,1,7.25
3261146805.645,494.758,817.305,113.109,2061.501,1,3,12,11,1,0.00,2d4d58f23cc086c05205562a775e363d,8,8.84
3261148870.978,496.824,914.224,102.654,65073.060,3,824,626,625,1,1.82,2d4d58f23cc086c05205562a775e363d,8,9.74
3261149192.722,497.145,793.578,134.233,130059.917,9,4093,964,963,1,98.49,4b1e5b50332ff45ec78b6471c7544248,16,7.45
3261158658.486,506.611,113.709,119.716,39979.299,1,126,334,333,1,0.00,3b71a187b57da720931f723179782e22,30,8.35
3261159142.684,507.095,104.066,143.042,36007.514,7,1543,252,251,1,99.42,e30178bffe67611ba03397118430bcfc,11,6.99
3261160357.336,508.310,825.487,122.019,42799.944,5,1576,345,344,1,96.70,1765011d5cc483902bf1645423199c26,20,8.20
3261160950.589,508.903,824.862,99.781,46424.674,3,851,458,451,1,42.66,592123adc64894f7a46757fec57b0ac9,26,10.02
3261161940.370,509.893,979.594,115.412,37103.437,5,2087,314,313,1,79.01,444182fadeb45ae4052f735290aa0c5a,29,8.66
3261165985.747,513.938,550.093,130.730,117291.686,13,2835,894,893,1,99.79,d6bba3398f71a5bbefbc9dfe1bcd147e,13,7.65
3261166891.012,514.844,347.839,156.081,14707.272,5,2069,93,92,1,98.99,be0493050e2a94ae5b243e66f5107a41,22,6.41
3261176540.224,524.493,1296.998,118.628,85997.139,13,4600,715,714,1,94.26,62c9fd686a02c844e4299d3ca5309462,28,8.43
3261178582.991,526.536,941.305,114.857,76862.007,7,1469,662,661,1,98.03,2da3574d00a9855934e054deca05cd9f,24,8.71
3261181101.025,529.054,130.030,75.961,32261.477,1,9,424,423,1,0.00,7c206e98b7f7e276530f72d833fab65d,17,13.16
3261181604.157,529.557,300.013,110.484,59519.372,7,2204,537,536,1,98.09,be0493050e2a94ae5b243e66f5107a41,22,9.05
3261189134.524,537.087,879.280,220.032,2639.535,1,0,9,8,1,0.00,05da2951a5ff648f8f407fb22c9db413,2,4.54
3261191484.487,539.437,1037.365,108.833,55780.594,1,712,504,503,1,0.00,5c3f87aa43199992d82a200311a45e47,19,9.19
3261191775.753,539.728,1286.932,60.603,18498.062,3,254,285,280,1,3.54,05da2951a5ff648f8f407fb22c9db413,2,16.50
3261195154.935,543.108,148.916,86.043,8925.331,9,1805,103,102,1,99.45,e30178bffe67611ba03397118430bcfc,11,11.62
3261195566.214,543.519,350.303,134.754,90365.763,7,3191,669,668,1,97.12,4d58909b29839b72327ac0fa5156ceac,7,7.42
3261196008.590,543.961,211.573,131.662,83027.061,9,2736,630,629,1,97.66,684f4f88c51830cb6c2e7be6e8a1960a,4,7.60
3261198340.888,546.293,119.232,136.759,88191.951,15,4150,645,644,1,93.33,4c7d74e478c2bf1926a131e58bcb7bc0,5,7.31
3261198641.616,546.594,102.220,113.627,39871.636,3,484,351,350,1,95.04,3b71a187b57da720931f723179782e22,30,8.80
3261199050.109,547.003,414.259,65.372,6363.089,7,2568,92,91,1,93.50,444182fadeb45ae4052f735290aa0c5a,29,15.30
3261203166.228,551.119,715.651,117.345,36623.300,7,1972,307,306,1,97.41,1765011d5cc483902bf1645423199c26,20,8.52
3261204088.100,552.041,102.176,140.846,111511.447,1,27,792,791,1,0.00,3d8e4d5479a7a348ca027e9effbb10d5,11,7.10
3261205419.063,553.372,212.998,62.260,4446.652,9,2796,69,68,1,95.14,444182fadeb45ae4052f735290aa0c5a,29,16.06
3261205699.627,553.652,227.427,156.371,83104.279,3,776,531,530,1,94.59,9087c37dc9f08d05a8e9b1ad0ec312bf,31,6.40
3261207380.883,555.333,102.798,120.614,14817.646,5,1442,123,122,1,90.78,592123adc64894f7a46757fec57b0ac9,26,8.29
3261209847.555,557.800,425.966,160.352,97278.673,1,1083,605,604,1,0.00,4fd210c1b97728df4d44aa9e5830c9e2,15,6.24
3261209872.818,557.825,362.928,159.373,21718.882,11,2877,135,134,1,99.58,444182fadeb45ae4052f735290aa0c5a,29,6.27
3261210167.511,558.120,194.067,162.492,150336.308,3,2502,925,924,1,100.00,a70af3864a8a96267189867a1e25ee14,27,6.15
3261210276.550,558.229,148.179,164.191,21493.018,5,673,131,129,1,80.09,05da2951a5ff648f8f407fb22c9db413,2,6.09
3261211585.082,559.538,146.058,176.046,36235.507,1,405,206,205,1,0.00,1af1aae66abc20ce77e64d8f90a413fe,14,5.68
3261212579.858,560.532,144.181,162.621,106823.854,5,1552,657,656,1,90.27,21dbc6851c9ef0ba72e0959a47a8bb51,9,6.15
3261213090.021,561.043,215.712,230.168,22081.704,7,3886,96,95,1,99.72,2ff9b8fad692a3cfb34b341519f83157,0,4.34
3261213367.882,561.320,391.873,174.690,120752.976,3,922,690,689,1,46.96,7c206e98b7f7e276530f72d833fab65d,17,5.72
3261213766.950,561.720,134.791,163.474,162138.004,5,2650,992,991,1,99.70,6b8e9ab95d75ce5e69f5a4a6973a78df,23,6.12
3261213952.184,561.905,224.021,172.773,104406.048,5,1465,604,603,1,98.98,2d4d58f23cc086c05205562a775e363d,8,5.79
3261222203.935,570.157,853.953,193.247,38343.841,7,1790,195,194,1,87.43,592123adc64894f7a46757fec57b0ac9,26,5.17
3261231598.997,579.552,267.600,179.879,15737.172,13,3163,87,86,1,95.23,444182fadeb45ae4052f735290aa0c5a,29,5.56
3261231772.180,579.725,422.427,168.664,26396.619,7,961,155,154,1,83.66,05da2951a5ff648f8f407fb22c9db413,2,5.93
3261235182.210,583.135,993.295,152.814,7717.118,1,247,45,44,1,0.00,f4518fa6622d69fa9dfc9f284dc592c3,0,6.54
3261238517.049,586.470,638.647,181.146,39947.343,5,875,218,217,1,95.43,3b71a187b57da720931f723179782e22,30,5.52
3261239161.438,587.114,472.478,162.758,131329.529,3,1168,805,804,1,94.09,720ea04a1676f663e2b4f29295321b7a,18,6.14
3261239798.429,587.751,964.507,151.618,62824.771,9,2312,409,408,1,98.57,1765011d5cc483902bf1645423199c26,20,6.60
3261241130.142,589.083,317.266,182.437,33703.172,1,60,184,180,1,0.00,d406008daeaf87e513db96c9ed098b94,22,5.48
3261242901.604,590.854,485.098,126.260,6293.053,3,300,47,46,1,97.33,f4518fa6622d69fa9dfc9f284dc592c3,0,7.92
3261247270.815,595.223,482.422,158.918,109977.138,3,1598,690,689,1,76.10,5c3f87aa43199992d82a200311a45e47,19,6.29
3261247348.056,595.301,995.546,137.657,233498.724,1,1501,1690,1689,1,0.00,ae48ebe1b6c41536a7239dec7a766097,29,7.26
3261247823.832,595.776,883.666,170.472,37535.241,3,1136,216,215,1,53.79,1af1aae66abc20ce77e64d8f90a413fe,14,5.87
3261249196.681,597.149,332.273,197.238,13349.970,5,352,67,66,1,98.58,f4518fa6622d69fa9dfc9f284dc592c3,0,5.07
3261255452.786,603.405,123.103,159.549,99522.265,9,2269,624,623,1,93.92,2da3574d00a9855934e054deca05cd9f,24,6.27
3261258172.109,606.125,885.611,153.586,47268.455,9,1129,303,295,1,98.85,05da2951a5ff648f8f407fb22c9db413,2,6.51
3261260555.159,608.508,735.588,161.387,73682.630,1,22,453,452,1,0.00,abda8f40f88ef4c7bbf26064db6b0219,26,6.20
3261262538.838,610.491,381.912,162.119,100409.642,7,4485,618,617,1,99.24,471151ebed118a6b49ca950440221a6a,3,6.17
3261262548.782,610.501,992.970,166.472,26296.770,7,1814,153,152,1,23.10,f4518fa6622d69fa9dfc9f284dc592c3,0,6.01
3261262552.213,610.505,618.764,146.456,73260.959,1,1032,497,496,1,0.00,cb7bbd42bb7c8ba2eaf0c3cd73dc9bcc,28,6.83
3261264211.310,612.164,950.996,136.295,215752.615,9,4162,1577,1576,1,99.98,42348c3983b66bd66952d39e27ef6d1d,6,7.34
3261274835.500,622.788,1333.218,81.113,4577.757,3,254,41,40,1,96.06,d406008daeaf87e513db96c9ed098b94,22,12.33
3261274848.212,622.801,1320.662,157.646,94647.386,1,780,593,592,1,0.00,7d8f21a8621a49b0e51bd22c03863026,21,6.34
3261278469.145,626.422,110.947,141.770,69720.001,7,1368,492,491,1,79.90,3b71a187b57da720931f723179782e22,30,7.05
3261279048.674,627.001,149.296,138.368,136718.563,11,3980,988,987,1,84.57,684f4f88c51830cb6c2e7be6e8a1960a,4,7.23
3261279265.730,627.218,130.140,154.840,95511.656,1,92,617,616,1,0.00,3c520335143b208c2f16624a2d8c414b,16,6.46
3261279414.937,627.368,321.029,190.587,19189.114,5,359,100,99,1,82.17,d406008daeaf87e513db96c9ed098b94,22,5.25
3261283291.699,631.244,1171.953,151.490,89793.333,15,3960,586,586,1,94.17,d6bba3398f71a5bbefbc9dfe1bcd147e,13,6.60
3261285363.792,633.316,476.001,147.047,49589.616,5,1359,335,334,1,99.48,1af1aae66abc20ce77e64d8f90a413fe,14,6.80
3261285941.265,633.894,142.844,129.638,168930.989,9,3867,1303,1302,1,99.82,4d58909b29839b72327ac0fa5156ceac,7,7.71
3261286011.610,633.964,152.900,138.240,148484.478,5,3294,1074,1073,1,98.00,773da1eb4b236d2ef9162a23175227c8,1,7.23
3261286549.545,634.502,1237.816,147.810,89332.592,1,1159,597,596,1,0.00,e2aac26515bfb4c24bb4d1f8ffa2b647,5,6.77
3261288808.124,636.761,113.241,154.366,95665.753,5,2096,620,619,1,62.36,9087c37dc9f08d05a8e9b1ad0ec312bf,31,6.48
3261288857.383,636.810,464.304,143.054,28073.693,9,2177,194,193,1,90.35,f4518fa6622d69fa9dfc9f284dc592c3,0,6.99
3261298606.493,646.559,718.750,60.999,4927.711,7,507,70,69,1,90.53,d406008daeaf87e513db96c9ed098b94,22,16.39
3261302630.443,650.583,310.155,159.443,79872.195,11,2755,500,499,1,98.77,1765011d5cc483902bf1645423199c26,20,6.27
3261303537.011,651.490,905.545,199.659,29656.473,9,621,145,144,1,92.91,d406008daeaf87e513db96c9ed098b94,22,5.01
3261304896.778,652.849,543.398,132.357,138723.710,7,5217,1045,1044,1,99.83,015e27419e5943540d227b9e685bb665,25,7.56
3261305448.992,653.402,127.779,146.887,81062.287,1,184,552,550,1,0.00,97359015194b26592c940fe7dd8ea091,2,6.81
3261307142.208,655.095,672.087,150.530,42368.901,3,1710,278,277,1,98.71,4fd210c1b97728df4d44aa9e5830c9e2,15,6.64
3261313382.552,661.335,824.116,131.024,250686.893,3,1596,1908,1907,1,99.56,03b474522dd39716ed807d1bc31b9753,12,7.63
3261315606.496,663.559,1030.678,131.139,129677.956,3,1063,982,981,1,77.05,3d8e4d5479a7a348ca027e9effbb10d5,11,7.63
3261316939.920,664.892,746.236,122.427,23395.259,11,2377,186,185,1,99.75,f4518fa6622d69fa9dfc9f284dc592c3,0,8.17
3261318367.338,666.320,724.193,134.091,87078.917,7,2196,645,644,1,94.22,2d4d58f23cc086c05205562a775e363d,8,7.46
3261319415.171,667.368,114.909,143.533,68436.631,7,2246,477,476,1,98.35,21dbc6851c9ef0ba72e0959a47a8bb51,9,6.97
3261333197.980,681.151,125.758,128.950,95033.044,11,1155,737,736,1,66.32,d406008daeaf87e513db96c9ed098b94,22,7.75
3261334133.419,682.086,111.948,129.069,95235.742,5,1963,738,737,1,82.12,7c206e98b7f7e276530f72d833fab65d,17,7.75
3261334242.441,682.195,102.806,123.140,107973.498,3,497,877,876,1,95.57,abda8f40f88ef4c7bbf26064db6b0219,26,8.12
3261334957.345,682.910,122.804,135.680,52088.129,7,2645,384,383,1,64.05,1af1aae66abc20ce77e64d8f90a413fe,14,7.37
3261335820.605,683.773,123.357,142.341,77983.730,3,1547,548,547,1,98.84,cb7bbd42bb7c8ba2eaf0c3cd73dc9bcc,28,7.03
3261340342.368,688.295,1026.204,217.798,31517.912,13,2576,141,140,1,99.50,f4518fa6622d69fa9dfc9f284dc592c3,0,4.59
3261348195.826,696.148,1318.166,120.526,111961.014,9,2527,919,918,1,73.61,3b71a187b57da720931f723179782e22,30,8.30
3261349518.185,697.471,872.504,133.822,39814.601,5,1997,292,291,1,99.55,4fd210c1b97728df4d44aa9e5830c9e2,15,7.47
3261354983.398,702.936,970.394,189.147,4185.887,1,6,18,17,1,0.00,3cf92ebb838d68598cab19eaa92b93a5,24,5.29
3261357254.426,705.207,616.337,125.122,70935.054,5,2305,563,562,1,99.26,5c3f87aa43199992d82a200311a45e47,19,7.99
3261359172.108,707.125,1033.723,114.350,59466.336,3,921,512,511,1,2.61,3cf92ebb838d68598cab19eaa92b93a5,24,8.75
3261360513.830,708.466,957.915,122.997,204394.900,5,3448,1655,1654,1,99.39,a70af3864a8a96267189867a1e25ee14,27,8.13
3261362962.491,710.915,935.543,110.818,28861.780,9,5111,253,252,1,99.84,471151ebed118a6b49ca950440221a6a,3,9.02
3261369508.463,717.461,402.754,115.178,101874.880,3,1378,882,881,1,99.64,7d8f21a8621a49b0e51bd22c03863026,21,8.68
3261370498.975,718.452,653.924,113.065,112248.808,5,1991,988,987,1,99.10,720ea04a1676f663e2b4f29295321b7a,18,8.84
3261371870.326,719.823,681.041,124.659,223570.660,1,535,1789,1589,1,0.00,6ebb8d34cd524296c3494cf63f53406f,0,8.02
3261373099.258,721.052,131.248,113.982,65784.845,1,1241,577,576,1,0.00,168be76efe17c2365e476f492bbc448d,13,8.77
3261374783.745,722.736,126.587,113.353,81287.201,3,1421,717,716,1,49.89,3c520335143b208c2f16624a2d8c414b,16,8.82
3261375890.998,723.844,119.395,117.403,60699.587,3,1774,517,516,1,98.99,e2aac26515bfb4c24bb4d1f8ffa2b647,5,8.52
3261375914.323,723.867,387.836,123.571,144347.495,7,3828,1166,1165,1,95.14,6b8e9ab95d75ce5e69f5a4a6973a78df,23,8.09
3261376911.351,724.864,339.329,120.918,164304.175,5,3317,1357,1356,1,99.34,f853907b80ff7808bcfce737b11bc160,10,8.27
3261382512.273,730.465,1360.450,122.296,147259.752,1,790,1194,1193,1,0.00,87de37a8ad53110e06b18d7bb089b021,20,8.18
3261384480.874,732.433,790.169,109.445,45006.070,7,3096,405,404,1,87.73,9087c37dc9f08d05a8e9b1ad0ec312bf,31,9.14
3261386517.645,734.470,113.776,114.684,76263.679,3,936,665,664,1,78.63,97359015194b26592c940fe7dd8ea091,2,8.72
3261387052.367,735.005,430.768,133.952,26417.541,9,3033,195,194,1,99.87,1af1aae66abc20ce77e64d8f90a413fe,14,7.47
3261387860.949,735.814,643.198,115.665,66572.257,9,2743,571,570,1,99.27,21dbc6851c9ef0ba72e0959a47a8bb51,9,8.65
3261389339.514,737.292,956.832,124.963,21575.726,7,2293,166,165,1,99.83,4fd210c1b97728df4d44aa9e5830c9e2,15,8.00
3261391835.688,739.788,601.100,156.337,3884.180,1,21,22,21,1,0.00,d3a8b824006a96501b33f6e4500e954c,3,6.40
3261395721.046,743.674,714.649,112.573,8932.443,3,116,74,73,1,37.07,d3a8b824006a96501b33f6e4500e954c,3,8.88
3261404656.182,752.609,164.386,110.115,38153.947,5,771,346,345,1,24.64,d3a8b824006a96501b33f6e4500e954c,3,9.08
3261405455.948,753.409,248.879,120.520,80394.899,9,2855,666,665,1,99.51,2d4d58f23cc086c05205562a775e363d,8,8.30
3261410922.341,758.875,960.613,111.981,33882.880,9,2476,295,294,1,99.31,4fd210c1b97728df4d44aa9e5830c9e2,15,8.93
3261413476.047,761.429,331.598,81.658,3924.534,1,71,45,44,1,0.00,ecdcd390e5313f46eb6a6ab1151f981e,14,12.25
3261413810.429,761.763,1316.173,121.145,66613.454,5,2625,540,539,1,79.81,cb7bbd42bb7c8ba2eaf0c3cd73dc9bcc,28,8.25
3261415779.474,763.732,114.694,113.812,21283.719,1,96,187,182,1,0.00,6581398946135f6e26920ae9b3d6c4a3,4,8.79
3261417402.916,765.355,830.046,113.593,49561.322,3,135,430,429,1,85.93,ecdcd390e5313f46eb6a6ab1151f981e,14,8.80
3261418645.750,766.598,349.905,128.162,23162.815,5,1535,179,178,1,93.36,3cf92ebb838d68598cab19eaa92b93a5,24,7.80
3261428196.375,776.149,120.742,115.476,78298.181,7,2872,678,677,1,99.86,5c3f87aa43199992d82a200311a45e47,19,8.66
3261428237.192,776.190,172.329,117.654,45233.835,13,2053,384,382,1,92.16,d406008daeaf87e513db96c9ed098b94,22,8.50
3261429378.706,777.331,128.403,127.251,88695.290,7,3293,697,696,1,82.02,7c206e98b7f7e276530f72d833fab65d,17,7.86
3261429494.470,777.447,289.066,119.807,75168.445,9,3637,626,625,1,96.26,9087c37dc9f08d05a8e9b1ad0ec312bf,31,8.35
3261434507.939,782.461,694.306,124.664,134333.725,7,4418,1073,1072,1,98.87,773da1eb4b236d2ef9162a23175227c8,1,8.02
3261436597.432,784.550,120.615,124.370,64295.553,5,2332,517,516,1,98.24,e2aac26515bfb4c24bb4d1f8ffa2b647,5,8.04
3261437065.097,785.018,191.090,113.131,22251.570,3,470,196,196,1,60.21,6581398946135f6e26920ae9b3d6c4a3,4,8.84
3261438894.013,786.847,829.356,127.266,72989.413,3,1995,568,567,1,91.13,168be76efe17c2365e476f492bbc448d,13,7.86
3261441813.799,789.766,179.283,98.085,16265.168,7,1735,165,164,1,98.79,3cf92ebb838d68598cab19eaa92b93a5,24,10.20
3261442223.009,790.176,364.197,122.199,105944.318,5,1570,865,864,1,87.52,abda8f40f88ef4c7bbf26064db6b0219,26,8.18
3261442815.240,790.768,805.325,122.856,48473.274,7,1196,389,388,1,93.39,d3a8b824006a96501b33f6e4500e954c,3,8.14
3261443636.370,791.589,800.537,141.909,250276.709,9,6291,1759,1758,1,99.54,015e27419e5943540d227b9e685bb665,25,7.05
3261444812.411,792.765,120.690,131.173,32782.817,11,2792,250,249,1,99.25,4fd210c1b97728df4d44aa9e5830c9e2,15,7.62
3261445293.865,793.246,1324.537,120.073,91139.260,5,2254,749,748,1,90.73,3d8e4d5479a7a348ca027e9effbb10d5,11,8.33
3261454443.486,802.396,345.513,129.441,82799.385,11,3502,638,637,1,94.63,21dbc6851c9ef0ba72e0959a47a8bb51,9,7.73
3261454883.979,802.837,669.421,125.108,93124.461,11,5182,740,739,1,99.77,4d58909b29839b72327ac0fa5156ceac,7,7.99
3261456079.756,804.032,1002.121,140.962,76416.989,5,2235,536,535,1,95.66,3c520335143b208c2f16624a2d8c414b,16,7.09
3261458085.744,806.038,571.430,134.066,46958.428,1,461,347,346,1,0.00,9b44406b6dea54ae7a9f48e8bc4f525d,24,7.46
3261459319.903,807.272,569.445,135.177,32065.623,5,887,234,233,1,75.08,6581398946135f6e26920ae9b3d6c4a3,4,7.40
3261460165.362,808.118,503.518,140.020,34808.483,11,3559,246,245,1,96.82,3b71a187b57da720931f723179782e22,30,7.14
3261462789.520,810.742,519.691,136.199,114382.449,5,1862,837,836,1,85.98,97359015194b26592c940fe7dd8ea091,2,7.34
3261466967.913,814.920,875.555,135.655,66261.419,5,573,483,482,1,98.60,ecdcd390e5313f46eb6a6ab1151f981e,14,7.37
3261471390.747,819.343,873.725,134.226,128119.871,5,2297,949,948,1,98.39,7d8f21a8621a49b0e51bd22c03863026,21,7.45
3261473477.403,821.430,425.319,136.147,46443.130,15,2565,339,338,1,95.01,d406008daeaf87e513db96c9ed098b94,22,7.34
3261477603.595,825.556,882.128,60.862,5142.499,1,71,71,70,1,0.00,387af05467e036e144a2172773e2a3f0,15,16.43
3261479980.090,827.933,380.198,154.328,285886.175,11,5745,1851,1850,1,99.90,42348c3983b66bd66952d39e27ef6d1d,6,6.48
3261480431.611,828.384,121.372,40.370,2705.074,7,3175,65,64,1,99.69,cb7bbd42bb7c8ba2eaf0c3cd73dc9bcc,28,24.77
3261480858.292,828.811,653.743,117.647,58418.511,3,3193,492,491,1,99.94,ae48ebe1b6c41536a7239dec7a766097,29,8.50
3261482751.356,830.704,157.717,148.258,215724.994,3,1463,1455,1454,1,9.71,387af05467e036e144a2172773e2a3f0,15,6.74
3261482756.415,830.709,123.638,144.059,131505.086,7,3007,913,912,1,99.07,720ea04a1676f663e2b4f29295321b7a,18,6.94
3261483144.123,831.097,393.954,174.539,14008.023,9,3248,79,78,1,99.75,cb7bbd42bb7c8ba2eaf0c3cd73dc9bcc,28,5.73
3261485859.546,833.812,114.845,130.471,48910.999,11,3544,375,374,1,99.35,2d4d58f23cc086c05205562a775e363d,8,7.66
3261491293.907,839.246,552.670,137.030,11515.086,9,1664,81,80,1,95.25,d3a8b824006a96501b33f6e4500e954c,3,7.30
3261491388.235,839.341,550.962,211.352,1396.369,7,1131,5,4,1,99.12,6581398946135f6e26920ae9b3d6c4a3,4,4.73
3261492787.188,840.740,945.545,151.003,31448.072,9,1369,203,202,1,82.98,6581398946135f6e26920ae9b3d6c4a3,4,6.62
3261494982.322,842.935,288.581,145.510,38121.201,1,26,261,260,1,0.00,655eed4d82d7d54287b49fd8a068ec7e,30,6.87
3261497160.641,845.113,1132.233,133.269,63368.755,1,248,468,467,1,0.00,64078308428d5636c74b458d8d04e1a9,28,7.50
3261500901.053,848.854,686.549,131.549,72117.557,7,2893,544,543,1,98.48,e2aac26515bfb4c24bb4d1f8ffa2b647,5,7.60
3261502813.748,850.766,966.557,93.272,1712.735,1,0,9,8,1,0.00,534f5a171c60448314e79a3c8394b862,3,10.72
3261504528.477,852.481,112.574,129.952,52613.216,3,154,405,404,1,5.84,534f5a171c60448314e79a3c8394b862,3,7.70
3261504672.428,852.625,248.923,135.057,94383.958,1,683,698,697,1,0.00,1253f68a0866cfd00b43e6a3a7280c9a,31,7.40
3261505054.254,853.007,168.501,138.576,66546.300,3,848,480,479,1,95.28,9b44406b6dea54ae7a9f48e8bc4f525d,24,7.22
3261506501.876,854.454,866.314,296.686,3536.483,1,10,10,9,1,0.00,393263d8967a1c1c3b6d8d16e7b46266,19,3.37
3261510046.841,857.999,959.309,156.899,288241.360,3,755,1832,1831,1,2.65,393263d8967a1c1c3b6d8d16e7b46266,19,6.37
3261511890.342,859.843,825.742,129.921,73321.485,5,2601,559,558,1,98.54,168be76efe17c2365e476f492bbc448d,13,7.70
3261518085.092,866.038,919.348,79.316,1791.822,1,9,12,11,1,0.00,668f4bdd21e0148d3b613de8d70256e4,17,12.61
3261519879.367,867.832,110.345,131.782,55854.116,3,824,424,423,1,2.55,668f4bdd21e0148d3b613de8d70256e4,17,7.59
3261519932.372,867.885,174.737,93.745,1299.674,1,543,13,12,1,0.00,76e73f112dd07a1011ab8138c7d289d9,22,10.67
3261520273.302,868.226,846.509,144.052,159303.417,9,5002,1101,1100,1,99.84,6b8e9ab95d75ce5e69f5a4a6973a78df,23,6.94
3261521235.996,869.189,102.703,190.788,9832.892,3,559,52,51,1,99.46,76e73f112dd07a1011ab8138c7d289d9,22,5.24
3261524239.827,872.192,1260.032,92.867,24012.375,11,1773,246,245,1,88.66,6581398946135f6e26920ae9b3d6c4a3,4,10.77
3261529782.733,877.735,847.204,127.103,49527.552,3,1987,384,383,1,99.85,87de37a8ad53110e06b18d7bb089b021,20,7.87
3261531071.520,879.024,650.632,40.870,2408.021,5,616,44,43,1,99.19,76e73f112dd07a1011ab8138c7d289d9,22,24.47
3261532505.340,880.458,125.650,144.035,90723.826,7,2828,630,630,1,97.98,3c520335143b208c2f16624a2d8c414b,16,6.94
3261533108.176,881.061,100.902,131.240,48003.395,3,304,366,365,1,94.41,655eed4d82d7d54287b49fd8a068ec7e,30,7.62
3261533233.767,881.186,160.423,130.185,64471.712,7,1785,495,494,1,59.16,ecdcd390e5313f46eb6a6ab1151f981e,14,7.68
3261533482.062,881.435,129.920,27.641,461.613,7,1762,13,12,1,37.46,76e73f112dd07a1011ab8138c7d289d9,22,36.18
3261533954.653,881.907,140.199,154.891,112436.196,1,380,726,725,1,0.00,c203c079acc2c37c216cbb7cfed5c23b,22,6.46
3261534780.167,882.733,212.272,151.720,56652.090,13,4097,373,372,1,95.66,2d4d58f23cc086c05205562a775e363d,8,6.59
3261536451.082,884.404,743.698,155.324,125002.991,7,3170,801,800,1,94.73,3d8e4d5479a7a348ca027e9effbb10d5,11,6.44
3261537253.860,885.206,576.121,152.163,69049.672,13,4204,451,450,1,98.48,21dbc6851c9ef0ba72e0959a47a8bb51,9,6.57
3261539300.425,887.253,222.687,158.924,73168.763,5,3852,460,459,1,95.66,ae48ebe1b6c41536a7239dec7a766097,29,6.29
3261541233.529,889.186,893.701,170.074,230323.774,7,4886,1350,1349,1,95.66,f853907b80ff7808bcfce737b11bc160,10,5.88
3261548019.765,895.972,147.382,177.892,96031.275,1,1410,540,539,1,0.00,84aa028cd11a51342f3f34fb7824e486,7,5.62
3261548182.561,896.135,376.609,161.318,161532.922,7,2444,1000,999,1,99.63,abda8f40f88ef4c7bbf26064db6b0219,26,6.20
3261548257.466,896.210,631.289,252.806,15546.846,1,16,60,59,1,0.00,05284f73703de86c233d987dfbeed1bf,4,3.96
3261557144.941,905.098,129.336,154.687,58910.320,5,720,381,380,1,77.64,534f5a171c60448314e79a3c8394b862,3,6.46
3261560537.867,908.490,708.692,137.506,30959.921,3,911,221,220,1,78.59,64078308428d5636c74b458d8d04e1a9,28,7.27
3261563805.473,911.758,109.142,121.630,7771.842,3,83,64,63,1,91.57,05284f73703de86c233d987dfbeed1bf,4,8.22
3261564092.285,912.045,516.878,163.172,382992.641,5,3803,2345,2344,1,92.14,03b474522dd39716ed807d1bc31b9753,12,6.13
3261564926.402,912.879,187.046,168.341,193948.022,7,5108,1152,1151,1,99.90,a70af3864a8a96267189867a1e25ee14,27,5.94
3261568852.905,916.805,735.854,165.995,177521.061,9,5499,1066,1065,1,99.85,773da1eb4b236d2ef9162a23175227c8,1,6.02
3261571579.057,919.532,305.167,229.928,6513.222,5,149,28,27,1,98.66,05284f73703de86c233d987dfbeed1bf,4,4.35
3261571606.192,919.559,650.672,162.508,76216.826,5,1367,466,465,1,97.15,9b44406b6dea54ae7a9f48e8bc4f525d,24,6.15
3261573027.580,920.980,140.266,148.377,77444.642,9,3448,522,521,1,99.68,e2aac26515bfb4c24bb4d1f8ffa2b647,5,6.74
3261575748.147,923.701,947.602,165.265,231657.330,5,1261,1397,1396,1,98.97,668f4bdd21e0148d3b613de8d70256e4,17,6.05
3261577184.139,925.137,415.235,155.053,112053.114,7,2721,721,720,1,99.19,97359015194b26592c940fe7dd8ea091,2,6.45
3261578094.188,926.047,987.933,130.846,23362.537,7,212,172,171,1,83.49,05284f73703de86c233d987dfbeed1bf,4,7.64
3261579317.456,927.270,1105.192,154.115,98968.388,5,2377,636,635,1,99.75,87de37a8ad53110e06b18d7bb089b021,20,6.49
3261581119.091,929.072,129.872,170.998,181045.335,5,1414,1059,1058,1,47.38,655eed4d82d7d54287b49fd8a068ec7e,30,5.85
3261585219.792,933.172,609.596,163.987,92442.384,7,3199,561,560,1,98.78,168be76efe17c2365e476f492bbc448d,13,6.10
3261591443.097,939.396,434.659,120.342,5007.647,1,2,39,38,1,0.00,78ce00cb87590435be8699aaae970056,8,8.31
3261591503.294,939.456,1119.829,197.543,47344.856,5,1349,235,234,1,83.91,64078308428d5636c74b458d8d04e1a9,28,5.06
3261595447.539,943.400,527.803,167.162,192429.957,3,2860,1149,1003,1,81.26,6ebb8d34cd524296c3494cf63f53406f,0,5.98
3261596454.531,944.407,115.462,164.970,109820.759,3,496,666,665,1,8.27,78ce00cb87590435be8699aaae970056,8,6.06
3261597716.934,945.670,1339.319,176.309,176590.432,1,913,995,994,1,0.00,502285b65cbb6aaac8ddbdfb2ea84b4a,14,5.67
3261599066.529,947.019,611.906,176.450,179179.352,3,1392,1013,1012,1,99.21,1253f68a0866cfd00b43e6a3a7280c9a,31,5.67
3261599522.457,947.475,675.539,177.136,176571.680,7,3262,994,993,1,99.51,7d8f21a8621a49b0e51bd22c03863026,21,5.65
3261601459.101,949.412,929.087,236.069,29729.450,9,392,123,122,1,97.96,05284f73703de86c233d987dfbeed1bf,4,4.24
3261606315.514,954.268,779.664,163.275,98417.927,15,4941,599,598,1,94.21,21dbc6851c9ef0ba72e0959a47a8bb51,9,6.12
3261612481.865,960.434,123.581,161.811,86692.286,7,4443,536,535,1,97.05,ae48ebe1b6c41536a7239dec7a766097,29,6.18
3261614276.851,962.229,802.279,161.935,88894.817,9,3966,545,544,1,98.84,720ea04a1676f663e2b4f29295321b7a,18,6.18
3261616060.133,964.013,1156.428,148.998,64927.388,7,1331,429,428,1,82.72,534f5a171c60448314e79a3c8394b862,3,6.71
3261623240.488,971.193,681.281,132.907,24870.425,1,1500,183,182,1,0.00,a00cd15c1363c9f0ed2715700d7601ad,16,7.52
3261631191.613,979.144,963.871,154.675,10089.685,11,536,60,59,1,96.08,05284f73703de86c233d987dfbeed1bf,4,6.47
3261638854.357,986.807,428.576,136.062,38798.118,7,1599,283,282,1,99.06,64078308428d5636c74b458d8d04e1a9,28,7.35
3261641285.785,989.238,1087.252,155.259,86324.643,13,2065,550,549,1,28.86,05284f73703de86c233d987dfbeed1bf,4,6.44
3261644059.258,992.012,447.486,150.246,76772.490,3,1958,509,508,1,99.59,84aa028cd11a51342f3f34fb7824e486,7,6.66
3261646399.019,994.352,403.817,172.786,181828.925,3,2086,1051,1050,1,53.02,c203c079acc2c37c216cbb7cfed5c23b,22,5.79
3261647829.912,995.782,141.954,165.677,75525.066,7,2215,456,455,1,82.75,9b44406b6dea54ae7a9f48e8bc4f525d,24,6.04
3261648119.699,996.072,338.260,165.009,20139.341,3,1838,121,120,1,91.57,a00cd15c1363c9f0ed2715700d7601ad,16,6.06
3261650483.403,998.436,415.127,176.197,139258.242,1,40,789,788,1,0.00,a570d5ebe65a5763609a7cfb0cb6f943,5,5.68
3261661466.408,1009.419,896.749,173.183,141175.087,9,4149,811,810,1,95.71,3d8e4d5479a7a348ca027e9effbb10d5,11,5.77
3261668264.917,1016.217,384.220,137.457,11243.348,5,1962,80,79,1,99.85,a00cd15c1363c9f0ed2715700d7601ad,16,7.27
3261677658.391,1025.611,176.969,159.708,17904.552,9,1935,112,111,1,97.26,64078308428d5636c74b458d8d04e1a9,28,6.26
3261677674.288,1025.627,385.481,175.696,144807.981,1,622,823,822,1,0.00,47352c74d06a27beca60e785d05c42ce,13,5.69
3261678293.055,1026.246,817.166,180.670,84828.773,7,3017,466,465,1,99.87,87de37a8ad53110e06b18d7bb089b021,20,5.53
3261679514.415,1027.467,141.314,177.179,26540.931,7,2305,150,149,1,88.59,a00cd15c1363c9f0ed2715700d7601ad,16,5.64
3261679595.198,1027.548,494.846,176.843,168495.866,1,1422,951,951,1,0.00,f75ca67110bd8d25b307810d010e1a51,23,5.65
3261680993.496,1028.946,293.404,189.829,79072.596,9,1970,416,415,1,89.34,534f5a171c60448314e79a3c8394b862,3,5.27
3261689247.780,1037.200,628.972,174.987,156017.461,9,3446,889,888,1,99.88,97359015194b26592c940fe7dd8ea091,2,5.71
3261693933.928,1041.887,878.533,178.031,132621.555,11,8064,741,740,1,99.83,015e27419e5943540d227b9e685bb665,25,5.62
3261695569.560,1043.522,581.669,189.792,32087.159,11,2063,167,166,1,99.22,64078308428d5636c74b458d8d04e1a9,28,5.27
3261698489.205,1046.442,647.359,166.317,229666.223,5,2924,1378,1377,1,99.79,387af05467e036e144a2172773e2a3f0,15,6.01
3261699184.935,1047.138,859.812,190.140,6373.876,1,10,30,29,1,0.00,ba26f8db9c08afbd6110977c06069b12,29,5.26
3261703185.274,1051.138,637.370,164.516,165647.125,11,5194,1004,1003,1,86.85,720ea04a1676f663e2b4f29295321b7a,18,6.08
3261704746.050,1052.699,668.033,200.006,40069.197,1,162,198,197,1,0.00,95da2bc38480aaef6623aefcfc22f465,9,5.00
3261705560.390,1053.513,401.122,191.157,27163.135,3,272,141,140,1,14.71,ba26f8db9c08afbd6110977c06069b12,29,5.23
3261706062.441,1054.015,107.062,199.605,68970.885,1,169,346,332,1,0.00,683021667015ec24f011c6932e7f540b,16,5.01
3261706282.287,1054.235,266.120,178.627,83506.487,5,1478,467,466,1,78.62,78ce00cb87590435be8699aaae970056,8,5.60
3261709726.873,1057.679,1131.322,177.058,121885.044,9,3721,683,682,1,92.56,abda8f40f88ef4c7bbf26064db6b0219,26,5.65
3261720838.318,1068.791,354.944,177.528,83082.872,5,2481,467,466,1,99.44,84aa028cd11a51342f3f34fb7824e486,7,5.63
3261723363.686,1071.316,880.353,171.250,84964.196,9,2684,492,491,1,99.52,9b44406b6dea54ae7a9f48e8bc4f525d,24,5.84
3261727622.662,1075.575,163.711,169.831,78795.314,1,114,464,463,1,0.00,7ffb6ff72f4a03cc00bc79aae78a7015,4,5.89
3261727664.551,1075.617,458.727,197.806,26569.163,13,2439,133,132,1,91.43,64078308428d5636c74b458d8d04e1a9,28,5.06
3261732726.306,1080.679,268.626,133.069,3462.275,5,422,25,24,1,97.87,ba26f8db9c08afbd6110977c06069b12,29,7.51
3261736191.589,1084.144,905.525,179.966,69652.670,7,1405,383,382,1,31.81,ba26f8db9c08afbd6110977c06069b12,29,5.56
3261744817.935,1092.771,647.244,147.259,37609.337,3,572,252,251,1,62.94,95da2bc38480aaef6623aefcfc22f465,9,6.79
3261746387.759,1094.340,1312.900,163.522,90105.148,1,1007,544,543,1,0.00,7eb8164ac730f515763f0059470f377f,1,6.12
3261754242.742,1102.195,872.431,153.242,134192.903,1,198,871,870,1,0.00,bdeceb1918fd76990a847eed1d968b22,28,6.53
3261758887.528,1106.840,123.873,158.902,169989.812,9,6264,1070,1069,1,99.94,a70af3864a8a96267189867a1e25ee14,27,6.29
3261760074.262,1108.027,984.547,169.177,68993.788,11,2537,403,402,1,94.05,534f5a171c60448314e79a3c8394b862,3,5.91
3261762177.976,1110.131,708.736,159.884,166987.993,7,2499,1041,1040,1,98.96,655eed4d82d7d54287b49fd8a068ec7e,30,6.25
3261763129.824,1111.082,799.628,161.390,87788.978,9,3486,540,539,1,99.91,87de37a8ad53110e06b18d7bb089b021,20,6.20
3261765883.382,1113.836,725.000,161.040,91551.281,1,72,565,564,1,0.00,a8b8d20bc234e41f09583b92475958cc,6,6.21
3261771582.113,1119.535,464.435,173.802,402989.559,9,6440,2317,2316,1,96.83,f853907b80ff7808bcfce737b11bc160,10,5.75
3261774314.991,1122.268,617.965,156.197,161188.963,3,1959,1029,1028,1,97.40,502285b65cbb6aaac8ddbdfb2ea84b4a,14,6.40
3261775035.732,1122.988,594.157,100.586,15883.213,3,702,153,152,1,73.36,683021667015ec24f011c6932e7f540b,16,9.94
3261776104.576,1124.057,836.176,157.990,187422.332,9,4300,1182,1181,1,98.98,7d8f21a8621a49b0e51bd22c03863026,21,6.33
3261778255.155,1126.208,424.513,159.986,225684.434,5,2440,1409,1396,1,98.57,1253f68a0866cfd00b43e6a3a7280c9a,31,6.25
3261782430.258,1130.383,960.837,219.665,22048.641,5,877,97,96,1,93.96,95da2bc38480aaef6623aefcfc22f465,9,4.55
3261787886.685,1135.839,1059.272,163.479,251509.138,5,4253,1533,1314,1,94.26,6ebb8d34cd524296c3494cf63f53406f,0,6.12
3261789745.507,1137.698,218.365,195.704,37402.191,3,867,191,190,1,95.62,a570d5ebe65a5763609a7cfb0cb6f943,5,5.11
3261789797.711,1137.750,388.366,155.913,76318.000,7,2248,488,487,1,86.52,78ce00cb87590435be8699aaae970056,8,6.41
3261790921.796,1138.874,143.827,160.093,74587.248,5,895,466,459,1,95.53,683021667015ec24f011c6932e7f540b,16,6.25
3261798307.465,1146.260,1013.222,177.825,373911.425,5,2591,2098,2096,1,99.85,393263d8967a1c1c3b6d8d16e7b46266,19,5.62
3261802653.816,1150.606,964.848,146.325,57738.891,1,255,389,388,1,0.00,3d970402bfb5658c76b92adca6c485cd,11,6.83
3261803928.067,1151.881,920.168,147.984,59669.643,7,2963,398,397,1,99.49,84aa028cd11a51342f3f34fb7824e486,7,6.76
3261804481.888,1152.434,947.195,137.816,9078.339,7,996,60,59,1,97.79,95da2bc38480aaef6623aefcfc22f465,9,7.26
3261805853.109,1153.806,118.734,157.100,171200.156,1,682,1090,1089,1,0.00,98ec13143a7d7ee8a76ff376a4fb18db,29,6.37
3261806422.631,1154.375,104.699,166.263,120312.539,3,975,724,723,1,59.28,7ffb6ff72f4a03cc00bc79aae78a7015,4,6.01
3261807414.937,1155.368,745.211,166.954,50831.365,7,3135,301,300,1,84.78,668f4bdd21e0148d3b613de8d70256e4,17,5.99
3261808336.623,1156.289,467.573,149.767,78795.754,11,3196,524,523,1,99.37,9b44406b6dea54ae7a9f48e8bc4f525d,24,6.68
3261813563.373,1161.516,892.042,195.333,15542.025,9,1098,76,75,1,96.17,95da2bc38480aaef6623aefcfc22f465,9,5.12
3261822487.835,1170.440,230.958,156.788,101986.469,3,1450,650,649,1,99.66,47352c74d06a27beca60e785d05c42ce,13,6.38
3261826574.669,1174.527,341.395,153.671,150324.088,1,41,977,976,1,0.00,d4cdc70091bf392c75fd9fcdbe9c4b5f,25,6.51
3261827151.751,1175.104,736.314,140.849,31300.642,5,1238,218,217,1,85.46,a570d5ebe65a5763609a7cfb0cb6f943,5,7.10
3261828240.776,1176.193,625.752,158.367,194467.453,5,3624,1225,1224,1,86.56,c203c079acc2c37c216cbb7cfed5c23b,22,6.31
3261829075.843,1177.028,357.946,138.943,63716.135,13,3127,457,456,1,94.02,534f5a171c60448314e79a3c8394b862,3,7.20
3261829109.032,1177.062,340.858,131.173,31166.468,11,1363,236,235,1,86.13,95da2bc38480aaef6623aefcfc22f465,9,7.62
3261831624.311,1179.577,992.064,153.375,97465.189,11,4599,630,629,1,95.76,abda8f40f88ef4c7bbf26064db6b0219,26,6.52
3261836502.543,1184.455,430.133,128.643,32333.653,3,1559,249,248,1,99.49,7eb8164ac730f515763f0059470f377f,1,7.77
3261845276.594,1193.229,851.887,154.696,88719.455,11,4466,569,568,1,97.07,97359015194b26592c940fe7dd8ea091,2,6.46
3261848100.760,1196.053,1213.863,153.621,119655.332,3,2403,772,771,1,98.75,f75ca67110bd8d25b307810d010e1a51,23,6.51
3261850927.339,1198.880,97.418,27.922,404.562,1,3,12,11,1,0.00,f87352bcdb7a1ff2f192c85b1b8a1b9b,20,35.81
3261851335.840,1199.288,117.767,168.599,210360.555,3,882,1248,1247,1,1.70,f87352bcdb7a1ff2f192c85b1b8a1b9b,20,5.93
3261857439.498,1205.392,653.711,156.482,96733.419,3,687,615,614,1,92.72,a8b8d20bc234e41f09583b92475958cc,6,6.39
3261858257.471,1206.210,230.645,155.744,119063.429,1,546,764,763,1,0.00,693592ded75d4785eeaa31bab8844e2a,17,6.42
3261858457.539,1206.410,421.196,162.434,50613.321,7,1649,310,309,1,88.30,a570d5ebe65a5763609a7cfb0cb6f943,5,6.16
3261860280.370,1208.233,105.048,173.227,67836.884,13,1931,392,391,1,82.81,95da2bc38480aaef6623aefcfc22f465,9,5.77
3261860399.320,1208.352,133.175,163.491,86783.199,3,647,531,530,1,99.54,3d970402bfb5658c76b92adca6c485cd,11,6.12
3261863604.914,1211.557,905.946,81.407,7174.315,9,3368,78,77,1,99.79,84aa028cd11a51342f3f34fb7824e486,7,12.28
3261865512.349,1213.465,597.518,193.399,53395.514,7,1518,274,268,1,89.66,683021667015ec24f011c6932e7f540b,16,5.17
3261866125.074,1214.078,97.784,143.277,17147.766,1,86,120,119,1,0.00,1c960032d74c6ad97717afc5b181e509,8,6.98
3261868842.241,1216.795,845.077,195.320,50065.789,5,1827,253,252,1,98.96,7eb8164ac730f515763f0059470f377f,1,5.12
3261868847.979,1216.801,1091.840,170.530,169745.970,13,6918,990,989,1,89.59,720ea04a1676f663e2b4f29295321b7a,18,5.86
3261870786.858,1218.739,123.036,190.049,57327.832,11,3453,302,301,1,99.80,84aa028cd11a51342f3f34fb7824e486,7,5.26
3261883274.986,1231.228,524.852,208.817,38947.125,3,366,185,184,1,56.28,1c960032d74c6ad97717afc5b181e509,8,4.79
3261887147.629,1235.100,727.153,168.873,87696.646,13,3744,516,515,1,99.36,9b44406b6dea54ae7a9f48e8bc4f525d,24,5.92
3261888444.976,1236.398,607.928,176.813,80527.486,3,1086,453,452,1,98.43,bdeceb1918fd76990a847eed1d968b22,28,5.66
3261892802.523,1240.755,1038.312,166.909,84159.219,15,3793,499,498,1,94.49,534f5a171c60448314e79a3c8394b862,3,5.99
3261909076.519,1257.029,994.041,138.554,20391.630,9,2139,141,140,1,91.58,a570d5ebe65a5763609a7cfb0cb6f943,5,7.22
3261918913.857,1266.866,132.141,166.816,133251.387,9,1886,799,794,1,95.02,683021667015ec24f011c6932e7f540b,16,5.99
3261918914.293,1266.867,131.813,117.038,9963.024,7,2219,85,84,1,93.74,7eb8164ac730f515763f0059470f377f,1,8.54
3261922226.239,1270.179,881.086,155.939,40021.792,5,555,252,251,1,99.28,1c960032d74c6ad97717afc5b181e509,8,6.41
3261924478.799,1272.431,372.027,123.834,13126.908,5,2107,104,103,1,99.67,47352c74d06a27beca60e785d05c42ce,13,8.08
3261926743.384,1274.696,120.787,167.437,77643.955,5,1762,464,463,1,96.42,7ffb6ff72f4a03cc00bc79aae78a7015,4,5.97
3261928123.678,1276.076,418.192,156.145,87547.292,1,1492,559,558,1,0.00,17dbe34b2b60ebabca33573d8c6013a6,7,6.40
3261928124.984,1276.078,644.981,181.546,198893.323,1,756,1093,1092,1,0.00,d88d75e80fc6eb5119edd7e607ca454b,9,5.51
3261928166.232,1276.119,688.576,166.874,37734.554,7,4535,223,222,1,94.86,387af05467e036e144a2172773e2a3f0,15,5.99
3261928883.783,1276.836,118.315,154.679,7233.550,9,2363,47,46,1,97.50,7eb8164ac730f515763f0059470f377f,1,6.47
3261928894.167,1276.847,107.919,163.902,94843.144,1,471,579,578,1,0.00,bd601385d0399c053557ab327e52c325,27,6.10
3261929105.478,1277.058,362.451,177.189,161427.636,13,5239,910,909,1,99.81,abda8f40f88ef4c7bbf26064db6b0219,26,5.64
3261929180.826,1277.133,951.067,184.992,202407.518,9,3597,1090,1089,1,98.42,655eed4d82d7d54287b49fd8a068ec7e,30,5.41
3261929474.251,1277.427,1239.203,151.681,40979.596,11,2521,263,262,1,90.44,a570d5ebe65a5763609a7cfb0cb6f943,5,6.59
3261934009.743,1281.962,638.464,161.840,58091.839,1,272,356,355,1,0.00,bf09c5e7b11afffc1e61bfa0e443bee6,2,6.18
3261935514.050,1283.467,268.113,179.475,240225.638,5,3041,1338,1337,1,98.26,502285b65cbb6aaac8ddbdfb2ea84b4a,14,5.57
3261936124.182,1284.077,393.383,64.855,1301.348,11,2431,15,14,1,99.14,7eb8164ac730f515763f0059470f377f,1,15.42
3261937432.894,1285.385,125.941,161.081,77606.072,1,980,482,481,1,0.00,2d9d93af5989225235fab50043b20e21,1,6.21
3261937612.333,1285.565,879.658,43.835,1931.704,7,2225,25,24,1,99.37,47352c74d06a27beca60e785d05c42ce,13,22.81
3261939552.618,1287.505,1171.278,177.202,114580.722,9,3083,641,640,1,72.98,47352c74d06a27beca60e785d05c42ce,13,5.64
3261947108.130,1295.061,194.690,182.391,323574.067,7,6470,1774,1773,1,95.02,03b474522dd39716ed807d1bc31b9753,12,5.48
3261947187.801,1295.140,739.329,169.156,77197.671,5,1703,453,452,1,69.17,3d970402bfb5658c76b92adca6c485cd,11,5.91
3261954178.247,1302.131,759.443,183.767,144832.583,5,1869,785,784,1,69.66,a8b8d20bc234e41f09583b92475958cc,6,5.44
3261962251.444,1310.204,1275.486,165.709,62422.256,7,1067,370,369,1,75.63,1c960032d74c6ad97717afc5b181e509,8,6.03
3261963537.581,1311.490,867.840,240.820,3035.216,1,3,10,9,1,0.00,768cce45ee4b989fa666b56786d2b639,21,4.15
3261965912.866,1313.865,501.672,147.588,48025.034,9,4763,323,322,1,99.90,387af05467e036e144a2172773e2a3f0,15,6.78
3261966576.053,1314.529,752.895,192.646,206113.621,3,780,1067,1066,1,1.67,768cce45ee4b989fa666b56786d2b639,21,5.19
3261967764.983,1315.718,374.697,179.116,84380.138,5,3390,470,469,1,93.66,f75ca67110bd8d25b307810d010e1a51,23,5.58
3261968978.940,1316.932,610.674,180.520,83108.096,5,1544,458,457,1,99.68,bdeceb1918fd76990a847eed1d968b22,28,5.54
3261970461.564,1318.414,413.411,196.539,21639.657,1,114,109,108,1,0.00,3fd1a2bb3c17da082c52224d868f5b6a,5,5.09
3261974854.116,1322.807,889.036,72.724,2634.401,1,12,25,24,1,0.00,73b62d936d62317ef4f772e63e066dbd,24,13.75
3261976904.580,1324.857,133.105,181.259,75718.311,3,1669,418,417,1,60.99,d4cdc70091bf392c75fd9fcdbe9c4b5f,25,5.52
3261976970.587,1324.923,223.245,211.775,25000.906,1,139,118,117,1,0.00,b222ff951f82d16323b2c69c4c309e60,3,4.72
3261977066.668,1325.019,131.199,191.934,138323.890,3,1794,721,720,1,98.77,98ec13143a7d7ee8a76ff376a4fb18db,29,5.21
3261977331.388,1325.284,136.001,197.689,149391.142,3,2274,756,755,1,57.61,693592ded75d4785eeaa31bab8844e2a,17,5.06
3261977489.856,1325.442,191.888,242.126,29246.976,3,1709,121,120,1,2.17,73b62d936d62317ef4f772e63e066dbd,24,4.13
3261992103.267,1340.056,977.700,133.444,22195.328,3,277,160,159,1,80.51,3fd1a2bb3c17da082c52224d868f5b6a,5,7.49
3261992105.085,1340.058,975.890,166.767,33995.726,3,748,199,199,1,83.96,bf09c5e7b11afffc1e61bfa0e443bee6,2,6.00
3262001974.032,1349.927,843.365,112.148,14413.224,3,404,122,121,1,63.61,b222ff951f82d16323b2c69c4c309e60,3,8.92
3262003953.312,1351.906,624.439,175.021,224650.762,7,3864,1281,1272,1,99.61,1253f68a0866cfd00b43e6a3a7280c9a,31,5.71
3262004395.095,1352.348,405.281,182.096,98008.565,7,2303,537,536,1,96.66,7ffb6ff72f4a03cc00bc79aae78a7015,4,5.49
3262006747.180,1354.700,885.568,150.546,27682.744,5,1835,179,178,1,99.73,73b62d936d62317ef4f772e63e066dbd,24,6.64
3262013950.868,1361.903,347.447,214.542,63637.365,11,5099,296,295,1,99.75,387af05467e036e144a2172773e2a3f0,15,4.66
3262014300.775,1362.253,975.085,224.936,37864.559,5,445,165,164,1,98.20,3fd1a2bb3c17da082c52224d868f5b6a,5,4.45
3262015044.830,1362.997,625.451,209.631,116132.308,3,1471,552,542,1,99.39,2d9d93af5989225235fab50043b20e21,1,4.77
3262015679.915,1363.632,503.948,205.697,37529.371,3,2062,181,180,1,99.47,17dbe34b2b60ebabca33573d8c6013a6,7,4.86
3262016390.550,1364.343,701.562,196.287,12086.231,5,601,59,58,1,87.52,b222ff951f82d16323b2c69c4c309e60,3,5.09
3262022728.065,1370.681,944.875,181.171,224690.793,7,4898,1236,1235,1,99.00,c203c079acc2c37c216cbb7cfed5c23b,22,5.52
3262023742.033,1371.695,449.545,202.390,76548.311,3,1056,377,376,1,99.43,bd601385d0399c053557ab327e52c325,27,4.94
3262024393.311,1372.346,1076.201,198.850,98512.779,7,2507,491,490,1,86.00,3d970402bfb5658c76b92adca6c485cd,11,5.03
3262024680.896,1372.633,1151.047,207.128,144276.587,9,1920,692,689,1,74.84,1c960032d74c6ad97717afc5b181e509,8,4.83
3262026106.876,1374.059,848.025,205.992,131241.068,5,1385,634,634,1,68.38,bf09c5e7b11afffc1e61bfa0e443bee6,2,4.85
3262028480.079,1376.433,700.067,286.308,23318.378,7,762,80,79,1,86.61,b222ff951f82d16323b2c69c4c309e60,3,3.49
3262034435.450,1382.388,994.839,206.484,51583.498,7,2029,246,245,1,99.26,73b62d936d62317ef4f772e63e066dbd,24,4.84
3262038616.387,1386.569,629.470,195.168,74402.817,15,7943,379,378,1,99.56,720ea04a1676f663e2b4f29295321b7a,18,5.12
3262039405.403,1387.358,847.754,188.965,298467.557,7,6028,1576,1353,1,95.99,6ebb8d34cd524296c3494cf63f53406f,0,5.29
3262051802.244,1399.755,104.108,178.768,30494.629,9,1088,171,170,1,77.39,b222ff951f82d16323b2c69c4c309e60,3,5.59
3262052094.279,1400.047,142.874,192.915,136147.885,7,2854,706,705,1,70.15,bdeceb1918fd76990a847eed1d968b22,28,5.18
3262052153.324,1400.106,146.612,204.930,92160.336,7,3884,450,449,1,99.38,f75ca67110bd8d25b307810d010e1a51,23,4.88
3262052168.282,1400.121,131.767,188.545,53490.109,7,1035,284,283,1,58.94,3fd1a2bb3c17da082c52224d868f5b6a,5,5.30
3262052171.187,1400.124,128.743,191.681,150790.162,11,2800,787,769,1,95.89,683021667015ec24f011c6932e7f540b,16,5.22
3262052629.812,1400.582,343.168,273.353,7176.999,5,2116,26,25,1,98.63,d4cdc70091bf392c75fd9fcdbe9c4b5f,25,3.66
3262053215.410,1401.168,894.275,215.495,117261.312,5,2279,541,540,1,98.42,17dbe34b2b60ebabca33573d8c6013a6,7,4.64
3262054146.633,1402.099,427.275,190.848,134593.361,1,403,704,704,1,0.00,53e119ceba35351cef3c2fe30efdf245,13,5.24
3262059812.365,1407.765,1300.036,191.533,36733.695,7,2357,186,185,1,90.88,d4cdc70091bf392c75fd9fcdbe9c4b5f,25,5.22
3262061708.143,1409.661,1104.050,186.196,272019.262,5,2136,1456,1455,1,99.72,f87352bcdb7a1ff2f192c85b1b8a1b9b,20,5.37
3262077602.402,1425.555,140.630,175.394,133264.691,1,22,760,759,1,0.00,130b27d2ac7a7b8d54adf4bcb58daa51,15,5.70
3262082302.736,1430.255,1392.499,183.664,122243.613,1,614,659,658,1,0.00,8711cbb35e30c817c0ba25bbb14d50a0,3,5.44
3262086024.547,1433.977,851.703,171.290,2735.896,1,3,12,11,1,0.00,fae4f929b8e8e5504b569e8b8f2ea603,24,5.84
3262088764.555,1436.717,955.709,179.650,178988.482,3,809,992,991,1,1.85,fae4f929b8e8e5504b569e8b8f2ea603,24,5.57
3262090549.593,1438.502,690.447,184.916,206317.453,1,883,1113,1111,1,0.00,7b2d30a740edf2ec916651094e51deaa,26,5.41
3262096554.722,1444.507,1262.868,176.261,165185.396,1,404,931,930,1,0.00,7774f622d7b582b94d11ade9721f80f4,25,5.67
3262099019.401,1446.972,906.074,164.308,113949.967,7,2676,689,688,1,99.18,a8b8d20bc234e41f09583b92475958cc,6,6.09
3262100295.123,1448.248,1319.093,183.077,98166.619,5,1793,530,529,1,79.92,bd601385d0399c053557ab327e52c325,27,5.46
3262102411.182,1450.364,121.642,222.423,14579.108,9,2869,66,65,1,98.99,7ffb6ff72f4a03cc00bc79aae78a7015,4,4.50
3262105663.774,1453.616,228.458,222.731,10919.555,1,8,49,48,1,0.00,56b919bf80f0832082fdf23adb0126b3,5,4.49
3262113036.464,1460.989,1166.999,233.482,57436.057,1,291,242,241,1,0.00,ad089029b83716e352ffac69ed8010da,18,4.28
3262115399.448,1463.352,762.740,165.925,103470.192,5,2525,620,619,1,99.60,98ec13143a7d7ee8a76ff376a4fb18db,29,6.03
3262116584.360,1464.537,406.709,229.448,21057.008,3,65,91,90,1,87.69,56b919bf80f0832082fdf23adb0126b3,5,4.36
3262116998.665,1464.951,1157.530,171.811,90842.997,1,1218,523,522,1,0.00,3916b548864e057cbba564f642607041,4,5.82
3262122914.845,1470.867,718.051,155.739,88866.485,9,3067,567,566,1,97.75,3d970402bfb5658c76b92adca6c485cd,11,6.42
3262126732.419,1474.685,600.946,174.617,139945.525,5,3059,799,798,1,99.05,693592ded75d4785eeaa31bab8844e2a,17,5.73
3262127026.339,1474.979,689.806,182.954,203585.990,3,1853,1110,1109,1,99.78,d88d75e80fc6eb5119edd7e607ca454b,9,5.47
3262131184.092,1479.137,462.651,160.198,78799.253,5,2232,490,472,1,90.64,2d9d93af5989225235fab50043b20e21,1,6.24
3262131599.395,1479.552,430.211,165.537,118457.809,1,15,714,713,1,0.00,836973158fdfa475d1983d139add2f90,30,6.04
3262137644.209,1485.597,379.242,165.288,119551.770,5,641,722,721,1,24.34,56b919bf80f0832082fdf23adb0126b3,5,6.05
3262144321.575,1492.274,964.219,224.068,8134.393,1,26,33,32,1,0.00,e1cd6f920f852084d89a130de5c01266,23,4.46
3262152459.463,1500.412,992.695,153.393,101158.031,3,612,654,653,1,9.64,e1cd6f920f852084d89a130de5c01266,23,6.52
3262157357.884,1505.310,137.947,143.621,68932.550,7,2348,480,480,1,85.99,bf09c5e7b11afffc1e61bfa0e443bee6,2,6.96
3262168965.930,1516.919,1035.742,60.539,6847.447,11,2681,97,96,1,97.43,1c960032d74c6ad97717afc5b181e509,8,16.52
3262170475.880,1518.428,1218.621,45.576,5229.323,3,547,89,88,1,97.44,ad089029b83716e352ffac69ed8010da,18,21.94
3262170483.515,1518.436,843.231,147.219,75483.440,7,2831,508,507,1,99.61,17dbe34b2b60ebabca33573d8c6013a6,7,6.79
3262172238.958,1520.192,421.592,197.101,485486.366,7,4693,2462,2461,1,99.91,393263d8967a1c1c3b6d8d16e7b46266,19,5.07
3262172697.875,1520.650,116.534,151.657,70333.927,5,2109,464,463,1,87.58,768cce45ee4b989fa666b56786d2b639,21,6.59
3262174599.080,1522.552,159.425,192.746,307588.805,11,8902,1596,1595,1,98.37,f853907b80ff7808bcfce737b11bc160,10,5.19
3262175707.756,1523.660,105.510,223.703,27620.952,5,665,124,123,1,95.64,ad089029b83716e352ffac69ed8010da,18,4.47
3262175750.287,1523.703,452.947,201.077,280552.938,7,4400,1394,1396,1,99.52,502285b65cbb6aaac8ddbdfb2ea84b4a,14,4.97
3262175821.692,1523.774,1333.787,182.128,104600.396,13,3243,568,568,1,85.66,1c960032d74c6ad97717afc5b181e509,8,5.49
3262188253.564,1536.206,141.712,182.020,158863.481,9,3574,873,872,1,99.61,bdeceb1918fd76990a847eed1d968b22,28,5.49
3262188745.614,1536.698,574.859,185.913,142240.331,3,1243,763,762,1,89.06,53e119ceba35351cef3c2fe30efdf245,13,5.38
3262198468.228,1546.421,806.864,169.672,75971.763,7,2331,444,443,1,99.66,bd601385d0399c053557ab327e52c325,27,5.89
3262202970.114,1550.923,967.238,190.808,181090.461,1,181,945,944,1,0.00,3a0340be3aba36b60821f9e324b21901,16,5.24
3262203333.581,1551.286,688.480,176.217,115934.137,7,1714,655,654,1,46.03,ad089029b83716e352ffac69ed8010da,18,5.67
3262204551.668,1552.504,303.475,196.093,107762.425,3,1276,549,548,1,99.76,8711cbb35e30c817c0ba25bbb14d50a0,3,5.10
3262207850.957,1555.804,150.321,129.402,12572.885,3,1760,97,96,1,98.92,3916b548864e057cbba564f642607041,4,7.73
3262209991.905,1557.944,785.034,192.744,108529.063,7,2742,560,542,1,99.27,2d9d93af5989225235fab50043b20e21,1,5.19
3262210872.387,1558.825,107.163,209.204,260566.587,3,802,1246,1245,1,97.51,130b27d2ac7a7b8d54adf4bcb58daa51,15,4.78
3262211791.587,1559.744,504.375,211.595,160681.449,1,334,758,755,1,0.00,2dcb0a40e6c5c5cd0d38f704a998fb43,11,4.73
3262212977.530,1560.930,708.680,217.775,184075.515,9,3397,843,842,1,99.06,a8b8d20bc234e41f09583b92475958cc,6,4.59
3262218877.843,1566.830,758.653,207.966,105573.322,7,3240,505,504,1,97.07,98ec13143a7d7ee8a76ff376a4fb18db,29,4.81
3262220429.884,1568.382,339.271,276.798,18054.314,5,1903,65,64,1,97.58,3916b548864e057cbba564f642607041,4,3.61
3262226299.440,1574.252,1377.840,205.077,115400.759,9,3211,557,556,1,88.07,bf09c5e7b11afffc1e61bfa0e443bee6,2,4.88
3262228617.096,1576.570,855.648,209.806,252413.624,9,5203,1200,1191,1,98.89,1253f68a0866cfd00b43e6a3a7280c9a,31,4.77
3262238490.044,1586.443,965.724,124.705,8323.312,7,1975,60,59,1,99.65,3916b548864e057cbba564f642607041,4,8.02
3262243039.331,1590.992,1245.400,207.516,156674.952,7,2937,750,749,1,87.61,768cce45ee4b989fa666b56786d2b639,21,4.82
3262245976.993,1593.930,343.962,200.245,83846.226,9,3357,418,417,1,99.46,17dbe34b2b60ebabca33573d8c6013a6,7,4.99
3262246820.769,1594.773,212.868,214.453,159337.012,1,755,743,736,1,0.00,bbc02bcf33b3da1796aeceb4d99779ae,4,4.66
3262247434.503,1595.387,923.967,217.287,223859.976,1,930,1027,1026,1,0.00,d7dfc325dfd2fd0bb6b28659f581b1d8,22,4.60
3262250061.819,1598.014,951.432,213.571,151946.006,3,738,708,707,1,98.78,836973158fdfa475d1983d139add2f90,30,4.68
3262253623.593,1601.576,616.669,277.882,15344.440,5,1329,54,53,1,95.26,e1cd6f920f852084d89a130de5c01266,23,3.60
3262257201.480,1605.154,1216.285,224.709,169523.285,7,1883,750,749,1,72.38,56b919bf80f0832082fdf23adb0126b3,5,4.45
3262261748.170,1609.701,959.044,212.807,253561.513,3,1371,1188,1187,1,97.37,7774f622d7b582b94d11ade9721f80f4,25,4.70
3262266687.229,1614.640,894.096,214.542,189690.683,7,3887,881,880,1,99.25,693592ded75d4785eeaa31bab8844e2a,17,4.66
3262267762.266,1615.715,747.276,211.599,232024.459,5,1827,1094,1093,1,98.58,fae4f929b8e8e5504b569e8b8f2ea603,24,4.73
3262268972.738,1616.925,537.778,230.660,27525.015,7,1389,118,117,1,99.57,e1cd6f920f852084d89a130de5c01266,23,4.34
3262270699.853,1618.652,912.328,206.543,68658.434,1,681,329,328,1,0.00,41adab67a5ff4afc596f87927ec1817c,12,4.84
3262274446.997,1622.400,928.582,211.087,129269.272,9,2784,609,608,1,99.68,bd601385d0399c053557ab327e52c325,27,4.74
3262280431.580,1628.384,1252.273,194.243,84388.290,15,4110,429,428,1,92.73,1c960032d74c6ad97717afc5b181e509,8,5.15
3262296504.319,1644.457,1271.662,217.252,171814.792,1,412,786,762,1,0.00,f7425023dff36ad1001e264908f39657,23,4.60
3262296874.190,1644.827,1187.246,199.317,64370.886,3,2027,318,317,1,98.47,7b2d30a740edf2ec916651094e51deaa,26,5.02
3262312323.807,1660.276,451.363,213.767,124436.356,5,2403,581,580,1,75.95,8711cbb35e30c817c0ba25bbb14d50a0,3,4.68
3262318533.085,1666.486,294.540,228.871,60487.610,9,3324,264,251,1,99.34,2d9d93af5989225235fab50043b20e21,1,4.37
3262319279.848,1667.232,866.243,213.622,158091.725,1,27,737,736,1,0.00,e79861cb85b3392206f1b314a28dcb1c,18,4.68
3262324460.439,1672.413,998.714,216.012,66234.379,1,168,303,302,1,0.00,e2b99dd99c988646ac1fe2e7ec077ac0,29,4.63
3262329832.900,1677.785,1152.860,220.346,126529.868,1,524,570,569,1,0.00,5127876241563a622defd2c60a715860,7,4.54
3262330623.177,1678.576,1316.138,212.261,236926.212,5,3822,1111,1111,1,77.52,d88d75e80fc6eb5119edd7e607ca454b,9,4.71
3262330992.096,1678.945,942.814,216.154,143388.591,5,2142,660,659,1,93.65,53e119ceba35351cef3c2fe30efdf245,13,4.63
3262333739.638,1681.692,1209.111,210.254,287575.304,7,4433,1363,1362,1,81.03,f87352bcdb7a1ff2f192c85b1b8a1b9b,20,4.76
3262337885.325,1685.838,530.953,210.166,239279.509,1,1423,1137,1136,1,0.00,1ee03a7e8192a0fa100771adb5aa4baa,0,4.76
3262339363.796,1687.316,347.789,227.507,44256.701,3,1037,194,193,1,97.40,41adab67a5ff4afc596f87927ec1817c,12,4.40
3262341721.915,1689.674,1148.606,213.375,211962.669,1,368,989,988,1,0.00,c8dbef1bf3cac76550a42460248f49df,2,4.69
3262347131.103,1695.084,864.715,213.191,195721.133,1,38,915,914,1,0.00,68eed43631aca236b3ae7e8780406532,28,4.69
3262361252.477,1709.205,810.434,207.189,226025.082,5,3254,1088,1087,1,72.07,7b2d30a740edf2ec916651094e51deaa,26,4.83
3262364833.219,1712.786,689.959,320.529,15754.821,1,26,48,47,1,0.00,26ecbf2b385d8d5ec3a50f97b30c1b11,8,3.12
3262372478.444,1720.431,1024.661,206.920,112140.822,3,1109,538,537,1,98.47,2dcb0a40e6c5c5cd0d38f704a998fb43,11,4.83
3262379029.744,1726.982,1000.291,196.505,27135.462,1,224,134,133,1,0.00,a192873f82afb14bcb99bc989c8e0117,1,5.09
3262380590.319,1728.543,856.891,225.796,88917.400,3,952,391,390,1,7.77,26ecbf2b385d8d5ec3a50f97b30c1b11,8,4.43
3262383624.985,1731.578,802.107,249.400,48686.960,5,1239,193,192,1,99.35,41adab67a5ff4afc596f87927ec1817c,12,4.01
3262384068.141,1732.021,984.627,203.625,198093.426,3,1247,969,968,1,90.30,3a0340be3aba36b60821f9e324b21901,16,4.91
3262390698.797,1738.651,1234.760,228.156,79264.098,3,696,343,343,1,67.67,e2b99dd99c988646ac1fe2e7ec077ac0,29,4.38
3262397062.102,1745.015,1006.981,205.663,144970.985,11,4282,701,700,1,99.02,a8b8d20bc234e41f09583b92475958cc,6,4.86
3262399724.511,1747.677,547.282,207.810,158274.973,1,262,760,759,1,0.00,9ff51f55e666e86cc407ff56f82862bf,21,4.81
3262402013.194,1749.966,596.613,210.571,139363.146,5,1458,660,659,1,99.18,836973158fdfa475d1983d139add2f90,30,4.75
3262403724.591,1751.677,969.727,208.831,130027.245,11,3423,619,618,1,99.12,bd601385d0399c053557ab327e52c325,27,4.79
3262406164.520,1754.117,602.934,275.346,32818.438,3,1613,118,114,1,92.87,bbc02bcf33b3da1796aeceb4d99779ae,4,3.63
3262406168.201,1754.121,599.848,302.241,28103.779,3,368,92,91,1,97.28,a192873f82afb14bcb99bc989c8e0117,1,3.31
3262426733.916,1774.686,943.756,195.814,153874.160,9,2639,782,781,1,99.77,56b919bf80f0832082fdf23adb0126b3,5,5.11
3262432316.195,1780.269,701.680,191.907,38507.410,7,1438,198,197,1,99.58,41adab67a5ff4afc596f87927ec1817c,12,5.21
3262434274.712,1782.227,320.054,177.797,22189.110,5,677,124,123,1,67.95,a192873f82afb14bcb99bc989c8e0117,1,5.62
3262436767.707,1784.720,966.185,199.142,136780.973,7,3575,683,682,1,83.47,8711cbb35e30c817c0ba25bbb14d50a0,3,5.02
3262438987.480,1786.940,297.102,174.711,38384.169,5,1960,219,212,1,88.32,bbc02bcf33b3da1796aeceb4d99779ae,4,5.72
3262456373.256,1804.326,350.888,209.190,187157.223,3,1105,894,893,1,99.00,5127876241563a622defd2c60a715860,7,4.78
3262456389.610,1804.342,137.181,201.145,76974.601,9,4816,383,382,1,99.00,693592ded75d4785eeaa31bab8844e2a,17,4.97
3262456467.581,1804.420,413.581,171.556,24602.915,7,813,142,141,1,98.52,a192873f82afb14bcb99bc989c8e0117,1,5.83
3262468323.327,1816.276,954.158,105.229,9056.771,3,1204,78,74,1,99.50,f7425023dff36ad1001e264908f39657,23,9.50
3262469967.525,1817.920,678.376,182.176,40028.353,5,1213,217,216,1,85.66,e2b99dd99c988646ac1fe2e7ec077ac0,29,5.49
3262477376.757,1825.329,1177.400,208.630,142002.813,3,996,676,675,1,76.71,e79861cb85b3392206f1b314a28dcb1c,18,4.79
3262477376.886,1825.329,1177.291,222.911,50663.596,7,2423,223,222,1,89.93,bbc02bcf33b3da1796aeceb4d99779ae,4,4.49
3262481074.180,1829.027,954.345,241.520,27280.064,9,966,110,109,1,98.86,a192873f82afb14bcb99bc989c8e0117,1,4.14
3262484624.799,1832.577,554.004,211.734,128229.343,5,1708,604,603,1,96.43,2dcb0a40e6c5c5cd0d38f704a998fb43,11,4.72
3262508358.409,1856.311,829.506,207.183,29627.979,11,1259,140,139,1,85.46,a192873f82afb14bcb99bc989c8e0117,1,4.83
3262510001.882,1857.954,788.219,201.896,86392.083,7,1829,425,424,1,78.18,e2b99dd99c988646ac1fe2e7ec077ac0,29,4.95
3262533375.192,1881.328,1291.681,197.316,90873.236,1,1180,455,454,1,0.00,86b7e9b69ffb7a7e33b17bc13a548f88,17,5.07
3262533760.130,1881.713,910.295,200.236,14125.847,1,12,67,66,1,0.00,1c79c83c7a01790ea5d7c1b8a17955c9,27,4.99
3262537991.274,1885.944,130.823,196.049,17971.241,13,1410,92,91,1,99.22,a192873f82afb14bcb99bc989c8e0117,1,5.10
3262547887.665,1895.840,943.176,198.702,8096.447,3,108,37,36,1,73.15,1c79c83c7a01790ea5d7c1b8a17955c9,27,5.03
3262555967.303,1903.920,383.689,199.486,23723.539,15,1704,118,117,1,88.15,a192873f82afb14bcb99bc989c8e0117,1,5.01
3262573564.119,1921.517,741.407,196.933,38158.628,9,4313,191,190,1,98.72,8711cbb35e30c817c0ba25bbb14d50a0,3,5.08
3262596401.996,1944.355,1295.177,202.965,64620.255,1,493,313,312,1,0.00,d5b461585b623d6d9c5976cfb596fa89,29,4.93
3262611731.147,1959.684,667.442,216.711,37941.694,11,4529,173,172,1,99.45,8711cbb35e30c817c0ba25bbb14d50a0,3,4.61
