sm,gpc,mean_latency
144,9,671.4
145,9,659.3
146,10,695.8
147,10,674.4
142,8,691.5
143,8,683.3
0,0,681.6
1,0,695.2
16,0,698.5
17,0,682.7
32,0,689.5
33,0,696.9
48,0,709.8
49,0,688.8
64,0,654.6
65,0,658.2
2,2,663.0
3,2,651.2
18,2,679.0
19,2,660.9
34,2,660.6
35,2,680.3
50,2,690.3
51,2,638.1
66,2,674.3
67,2,677.3
80,2,676.3
81,2,654.8
94,2,694.6
95,2,688.8
108,2,685.9
109,2,687.2
122,2,678.3
123,2,693.5
4,3,671.7
5,3,695.0
20,3,692.2
21,3,671.6
36,3,693.7
37,3,687.6
52,3,662.3
53,3,703.9
68,3,679.0
69,3,693.6
82,3,705.5
83,3,657.6
96,3,675.8
97,3,669.3
110,3,678.0
111,3,683.0
124,3,672.9
125,3,696.5
6,4,682.7
7,4,673.1
22,4,672.5
23,4,688.7
38,4,695.6
39,4,676.4
54,4,686.5
55,4,682.5
70,4,685.3
71,4,682.6
84,4,680.7
85,4,648.7
98,4,678.8
99,4,677.1
112,4,663.9
113,4,672.2
126,4,670.0
127,4,657.0
8,5,688.5
9,5,676.6
24,5,664.8
25,5,678.2
40,5,695.0
41,5,681.3
56,5,702.6
57,5,689.3
72,5,680.5
73,5,689.2
86,5,684.5
87,5,689.3
100,5,693.6
101,5,695.9
114,5,677.6
115,5,694.3
128,5,683.4
129,5,674.5
10,1,680.6
11,1,680.3
26,1,678.2
27,1,672.5
42,1,665.1
43,1,663.2
58,1,672.0
59,1,678.9
74,1,673.6
75,1,677.1
88,1,680.2
89,1,703.4
102,1,672.4
103,1,702.6
116,1,686.6
117,1,662.9
130,1,673.2
131,1,668.6
136,1,667.7
137,1,680.0
12,6,658.7
13,6,673.7
28,6,668.6
29,6,686.6
44,6,662.2
45,6,631.7
60,6,665.5
61,6,669.6
76,6,654.1
77,6,663.1
90,6,661.7
91,6,666.0
104,6,674.9
105,6,665.5
118,6,666.2
119,6,685.9
132,6,669.8
133,6,671.2
138,6,681.8
139,6,680.3
14,7,678.5
15,7,685.2
30,7,686.6
31,7,695.7
46,7,689.2
47,7,671.4
62,7,698.7
63,7,681.5
78,7,685.2
79,7,685.3
92,7,687.5
93,7,680.5
106,7,698.3
107,7,688.6
120,7,658.6
121,7,680.4
134,7,673.2
135,7,683.1
140,7,675.2
141,7,678.4
